여행ID,숙소명,숙박경비순번,숙소유형코드,예약여부,체크인시간,체크아웃시간,소비인원,사업자등록번호,상호명,도로명주소,지번주소,도로명코드,지번코드,결제일식,결제방식,결제금액,소비내역
d_d009418,지금여기에,0,3,Y,2022/11/03 0:00,2022/11/05 0:00,2,,,제주특별자치도 제주시 한림읍 금능길 79,제주특별자치도 제주시 한림읍 금능리 1420,,,,1,180540,
d_d001126,코델리아S호텔,0,1,Y,2022/09/08 0:00,2022/09/11 0:00,2,,,제주특별자치도 서귀포시 성산읍 일주동로 4186,제주특별자치도 서귀포시 성산읍 오조리 990-1,,,,,0,
d_d001360,휘슬락호텔,0,1,Y,2022/09/15 0:00,2022/09/16 0:00,2,,,제주특별자치도 제주시 서부두2길 26,제주특별자치도 제주시 건입동 1443-2,,,,1,121520,
d_d001574,애월스테이인제주,1,1,Y,2022/10/04 0:00,2022/10/05 0:00,4,2208115770,나이스정보통신㈜,,,,,2022/08/20 0:00,1,135720,AEWOL STAY IN JEJU
d_d002671,그림그리는펜션,1,11,Y,2022/10/02 0:00,2022/10/03 0:00,4,,에어비앤비,,,,,2022/09/24 18:53,1,80870,집/아파트전체.침대1개게스트3명
d_d005954,더베스트제주성산,1,1,Y,2022/10/14 0:00,2022/10/16 0:00,1,2208742885,(주)야놀자,서울 강남구 테헤란로108길 42,서울 강남구 대치동 1003,4166713,1168010600,2022/10/13 17:32,1,122400,더 베스트 제주 성산
d_d009068,살강스테이,0,3,Y,2022/10/28 0:00,2022/10/30 0:00,2,,,제주특별자치도 제주시 한경면 고산남8길 16,,,,,1,240000,
d_d001917,메종글래드제주,1,1,Y,2022/10/11 0:00,2022/10/12 0:00,1,2208742885,(주)야놀자,서울 강남구 테헤란로108길 42,서울 강남구 대치동 1003,4166713,1168010600,2022/10/11 0:00,1,96000,메종 글래드 제주 
d_d007947,해비치호텔앤드리조트 제주,0,1,Y,2022/10/31 0:00,2022/11/01 0:00,4,,,제주특별자치도 서귀포시 표선면 민속해안로 537,제주특별자치도 서귀포시 표선면 표선리 40-69,,,,5,300000,
d_d002961,유러하우스펜션,2,3,Y,2022/10/15 0:00,2022/10/16 0:00,1,8248102515,주식회사인터파크,서울 강남구 삼성로 512,,3122005,1168010500,2022/10/13 20:24,1,78120,제주 유러 오션뷰스테이
d_d009826,소노벨 제주,1,4,Y,2022/10/30 0:00,2022/10/31 0:00,4,,SONOHOTELS&RESORTS,서울 송파구 법원로 135,서울 송파구 문정동 641-3,3350849,1171010800,2022/10/30 18:47,1,276000,숙박비
d_d004068,미르빌펜션&리조트,1,4,Y,2022/10/15 0:00,2022/10/16 0:00,4,8158100527,나이스페이먼츠 주식회사,서울 마포구 마포대로 217,서울 마포구 아현동 686,2113001,1144010100,2022/10/14 23:22,1,75620,
d_d000964,롯데시티호텔 제주,0,1,Y,2022/08/28 0:00,2022/08/31 0:00,1,,,제주특별자치도 제주시 도령로 83,제주특별자치도 제주시 연동 2324-6,,,,3,400000,
d_d010186,타기모텔,1,2,Y,2022/10/29 0:00,2022/10/30 0:00,1,7428600224,(주)위드이노베이션,서울 강남구 봉은사로 479,,3122004,1168010500,2022/10/28 0:06,1,31900,MO-제주TAGI - 더블
d_d005567,제주게스트하우스,0,7,Y,2022/10/19 0:00,2022/10/20 0:00,2,,,제주특별자치도 제주시 용화로10길 14,제주특별자치도 제주시 용담이동 639-3,,,,1,40000,
d_d001728,쇠소깍 휴양펜션 엘마르,0,3,Y,2022/09/27 0:00,2022/09/28 0:00,3,,,제주특별자치도 서귀포시 쇠소깍로 138,제주특별자치도 서귀포시 하효동 996-1,,,,1,160000,
d_d002485,씨오르리조트,0,4,Y,2022/10/11 0:00,2022/10/12 0:00,2,,,제주특별자치도 서귀포시 이어도로 989,제주특별자치도 서귀포시 법환동 87-1,,,,1,88000,
d_d001280,파르나스호텔 제주,1,1,Y,2022/09/12 0:00,2022/09/13 0:00,2,6948501932,파르나스호텔(주),제주특별자치도 서귀포시 중문관광로72번길 100,,4850763,5013011900,2022/09/12 16:30,1,488700,숙박비
a_a004897,갯벌놀이펜션,1,3,Y,2022/10/22 0:00,2022/10/23 0:00,9,2218127833,(주)펜션뱅크,강원 춘천시 경춘로 2364,강원 춘천시 온의동 513-3,3000120,4211012100,2022/09/19 8:25,1,250000,"개나리_단체,복층"
d_d000537,아트스테이함덕비치,0,1,Y,2022/08/23 0:00,2022/08/24 0:00,2,,,제주특별자치도 제주시 조천읍 조함해안로 504,제주특별자치도 제주시 조천읍 함덕리 1269-19,,,,2,173210,
d_d001533,삼달리참꽃네,0,3,Y,2022/10/01 0:00,2022/10/02 0:00,2,,,제주특별자치도 서귀포시 성산읍 삼달로 66,제주특별자치도 서귀포시 성산읍 삼달리 103-16,,,,1,150000,
d_d005903,비케이호텔인제주,10,1,,,,3,6163062002,비케이호텔인제주,제주특별자치도 서귀포시 칠십리로91번길 12,제주특별자치도 서귀포시 서귀동 777-1,4850892,5013010100,2022/10/24 17:38,1,32000,호텔비
d_d000799,하이제주호텔,0,1,Y,2022/08/26 0:00,2022/08/28 0:00,1,,,제주특별자치도 제주시 한림읍 일주서로 5125,제주특별자치도 제주시 한림읍 협재리 1165,,,,5,236800,
d_d002251,인피니티리조트,1,4,Y,2022/10/02 0:00,2022/10/03 0:00,5,,티포트,,,,,2022/10/04 0:00,1,520000,리조트 인피니티 E동 오션패밀리...
a_a002744,장경리해수욕장야영장,0,5,Y,2022/10/01 0:00,2022/10/02 0:00,4,,,인천 옹진군 영흥면 영흥로757번길 6,인천 옹진군 영흥면 내리 1626-48,,,,1,70000,
d_d001878,모든날이행복하기를,0,7,Y,2022/10/16 0:00,2022/10/17 0:00,1,,,제주특별자치도 서귀포시 남원읍 태신로 22,제주특별자치도 서귀포시 남원읍 태흥리 568,,,,4,90000,
d_d003398,브라운스위트제주 호텔앤리조트,1,1,Y,2022/10/23 0:00,2022/10/24 0:00,2,,호텔스닷컴,,,,,,1,101075,"프리미엄 스위트, 시내 전망"
d_d001588,동촌하우스,0,7,Y,2022/09/24 0:00,2022/09/26 0:00,2,,,제주특별자치도 제주시 구좌읍 종달논길 61-4,,,,,5,230000,
b_b003100,르솔레이풀빌라펜션,1,3,Y,2022/08/21 0:00,2022/08/23 0:00,3,5248601528,네이버파이낸셜 주식회사,경기 성남시 분당구 정자일로 95,경기 성남시 분당구 정자동 178-4,3180021,4113510300,2022/08/06 0:00,1,598000,402호
d_d002138,호텔52,0,1,Y,2022/10/25 0:00,2022/10/26 0:00,4,,,제주특별자치도 서귀포시 대정읍 신영로36번길 35,제주특별자치도 서귀포시 대정읍 하모리 1089-23,,,,1,90000,
d_d002155,더스테이센추리호텔,0,1,Y,2022/09/28 0:00,2022/09/29 0:00,1,,,제주특별자치도 제주시 애월읍 일주서로 7113,제주특별자치도 제주시 애월읍 하귀1리 544-2,,,,5,200000,
c_c007909,쏠비치 진도,1,4,Y,2022/10/23 0:00,2022/10/24 0:00,2,,SONO HOTELS & RESORTS,서울 송파구 법원로 135,서울 송파구 문정동 641-3,3350849,1171010800,2022/10/24 11:08,1,158000,객실료 스위트(클린)
d_d010634,산방산에펜션,0,3,Y,2022/11/06 0:00,2022/11/07 0:00,2,,,제주특별자치도 서귀포시 안덕면 사계북로41번길 151,제주특별자치도 서귀포시 안덕면 사계리 1125,,,,1,60000,
d_d001367,애월 파티하는오누게스트하우스,0,7,Y,2022/09/23 0:00,2022/09/24 0:00,1,,,제주특별자치도 제주시 애월읍 애월로2길 7,제주특별자치도 제주시 애월읍 애월리 2147-6,,,,5,60000,
d_d011264,서귀포월드컵리조트,0,4,Y,2022/11/05 0:00,2022/11/07 0:00,4,,,제주특별자치도 서귀포시 월드컵로45번길 40,제주특별자치도 서귀포시 법환동 982,,,,1,130000,
d_d002821,벼리게스트하우스,0,7,Y,2022/10/16 0:00,2022/10/18 0:00,1,,,제주특별자치도 제주시 구좌읍 면수1길 27,제주특별자치도 제주시 구좌읍 하도리 3205,,,,5,68000,
d_d001783,에벤에셀호텔,1,1,Y,2022/10/09 0:00,2022/10/10 0:00,4,2208115770,나이스정보통신㈜,,,,,2022/10/07 0:00,1,127500,EBENEZER HOTEL
d_d000285,이금돈지,1,1,N,2022/08/19 0:00,2022/08/19 0:00,6,6162435182,이금돈지,제주특별자치도 제주시 노연로 143,제주특별자치도 제주시 연동 293-44,3349041,5011013700,2022/08/19 15:22,1,121000,
d_d003100,제주사진집,1,7,Y,2022/10/04 0:00,2022/10/05 0:00,1,,제주도조용한게스트하우스제주사진집,제주특별자치도 서귀포시 안덕면 일주서로 1613-83,제주특별자치도 서귀포시 안덕면 화순리 1369-5,3349236,5013031021,2022/10/04 0:00,3,30000,제주사진집 여성2인실
d_d001624,휘닉스제주섭지코지 힐리우스,1,4,Y,2022/09/24 0:00,2022/09/26 0:00,11,7428600224,(주)위드이노베이션,,,,,2022/05/20 1:04,1,226570,HO-크로플 세트사계절 온
d_d001827,스위트호텔제주,10,1,,,,2,8888502007,(주)교원프라퍼티스위트호텔,제주특별자치도 서귀포시 중문관광로72번길 67,제주특별자치도 서귀포시 색달동 2812-10,4850763,5013011900,2022/10/13 14:04,1,22500,호텔비
b_b000151,일마레펜션,2,3,Y,2022/08/25 0:00,2022/08/26 0:00,2,,남해일마레펜션 정책,경남 남해군 창선면 동부대로 2790-13,경남 남해군 창선면 당항리 240,2343002,4884039023,2022/08/22 0:07,1,85000,펜션비
d_d001818,봄그리고가을리조트,1,4,Y,2022/10/13 0:00,2022/10/14 0:00,7,,봄그리고가을호텔앤리조트,제주특별자치도 서귀포시 성산읍 해맞이해안로 2660,제주특별자치도 서귀포시 성산읍 시흥리 208,3349242,5013025923,2022/10/01 3:01,1,184970,리조트비
d_d009772,호텔스테이현,1,1,Y,2022/10/31 0:00,2022/11/01 0:00,3,,제주호텔 스테이현,제주특별자치도 제주시 관덕로8길 7-12,,4847168,5011010300,2022/10/31 15:00,1,100000,비지니스 스위트 트윈
d_d004753,쉼게스트하우스,1,7,Y,2022/10/31 0:00,2022/11/01 0:00,2,5248601528,네이버파이낸셜 주식회사,경기 성남시 분당구 정자일로 95,경기 성남시 분당구 정자동 178-4,3180021,4113510300,2022/10/15 20:47,1,70000,
d_d008228,제주호텔더엠,1,1,Y,2022/10/29 0:00,2022/10/30 0:00,4,5148601477,주식회사제주호텔더엠,제주특별자치도 서귀포시 태평로353번길 14,,4850953,5013010100,2022/10/29 18:25,1,37315,호텔숙박비
a_a001459,더위크앤 리조트,1,4,Y,2022/08/27 0:00,2022/08/28 0:00,3,,더위크앤리조트,인천 중구 용유서로 379,인천 중구 을왕동 773,3149033,2811014900,2022/04/16 0:00,1,418000,리조트비
d_d000251,그랜드하얏트제주,0,1,Y,2022/08/23 0:00,2022/08/24 0:00,2,,,제주특별자치도 제주시 노연로 12,제주특별자치도 제주시 노형동 925,,,,1,437000,
c_c001002,케렌시아리조트펜션,1,3,Y,2022/09/08 0:00,2022/09/09 0:00,2,,여수케렌시아리조트,전남 여수시 화양면 화양로 1527-32,전남 여수시 화양면 용주리 1426-14,3282084,4613033022,2022/08/17 6:51,1,120000,리조트비
d_d000672,성산아쿠아비치호텔,0,1,Y,2022/08/21 0:00,2022/08/22 0:00,1,,,제주특별자치도 서귀포시 성산읍 일주동로 4258,제주특별자치도 서귀포시 성산읍 고성리 1090-16,,,,1,44000,
d_d007467,서머셋 제주신화월드,0,4,Y,2022/10/29 0:00,2022/10/30 0:00,5,,,,제주특별자치도 서귀포시 안덕면 서광리 산 24-15,,,,4,1000000,
d_d009694,제주스테이인성산,1,1,Y,2022/11/03 0:00,2022/11/05 0:00,2,6168623928,주식회사해비치인,제주특별자치도 서귀포시 성산읍 신고로 11,제주특별자치도 서귀포시 성산읍 고성리 496-2,3350177,5013025924,2022/11/03 18:05,1,135000,
d_d000481,회사 복지 시설,0,3,Y,2022/09/08 0:00,2022/09/09 0:00,4,,,,,,,,4,60000,
d_d001610,오션스위츠 제주호텔,0,1,Y,2022/10/01 0:00,2022/10/04 0:00,4,,,제주특별자치도 제주시 탑동해안로 74,제주특별자치도 제주시 삼도2동 1260-1,,,,1,450000,
d_d009301,제주디아일랜드블루호텔,2,1,Y,2022/11/01 0:00,2022/11/02 0:00,2,2208742885,(주)야놀자,서울 강남구 테헤란로108길 42,서울 강남구 대치동 1003,4166713,1168010600,2022/10/25 0:00,1,85000,제주 디아일랜드 블루
d_d002431,동문취향 게스트하우스,2,7,Y,2022/10/16 0:00,2022/10/17 0:00,1,,제주동문취향게스트하우스,제주특별자치도 제주시 관덕로15길 4,제주특별자치도 제주시 일도일동 1477-2,4847161,5011010100,2022/09/23 10:01,1,33000,1인실 (더블룸)
d_d000802,섬게스트하우스,0,7,Y,2022/08/20 0:00,2022/08/21 0:00,1,,,제주특별자치도 서귀포시 칠십리로 61-1,제주특별자치도 서귀포시 서귀동 673-28,,,,1,21000,
d_d001976,서귀포KAL호텔,0,1,N,2022/10/17 0:00,2022/10/17 0:00,1,,,제주특별자치도 서귀포시 칠십리로 242,제주특별자치도 서귀포시 토평동 486-3,,,,,0,
b_b006175,선배집,0,10,Y,2022/10/01 0:00,2022/10/02 0:00,8,,,퇴로리 174,,,,,,0,
d_d004957,골든튤립제주성산호텔,1,1,Y,2022/10/17 0:00,2022/10/18 0:00,3,,N호텔 제휴 시크릿몰,,,,,,1,89575,골든튤립 제주성산호텔
d_d010639,곽지로온,1,7,Y,2022/11/04 0:00,2022/11/06 0:00,1,5994001183,곽지로온,제주특별자치도 제주시 애월읍 곽납로 62-19,제주특별자치도 제주시 애월읍 곽지리 852-1,3349014,5011025337,2022/11/04 18:34,1,80000,
d_d005299,한라산게스트하우스,0,7,Y,2022/10/28 0:00,2022/10/29 0:00,1,,,제주특별자치도 제주시 제주대학로 77,제주특별자치도 제주시 아라일동 358-9,,,,5,84000,
d_d004502,제부도 디앤와이펜션,1,3,Y,2022/10/15 0:00,2022/10/16 0:00,2,2208742885,(주)야놀자,서울 강남구 테헤란로108길 42,서울 강남구 대치동 1003,4166713,1168010600,2022/10/05 17:19,3,96000,화성(제부도)디앤와이관광펜션
d_d002308,유니호텔 앤 풀빌라,0,1,Y,2022/10/09 0:00,2022/10/11 0:00,5,,,제주특별자치도 제주시 애월읍 애월해안로 656,제주특별자치도 제주시 애월읍 구엄리 1216,,,,2,1240000,
d_d002348,스타즈호텔 제주로베로,1,1,Y,2022/10/13 0:00,2022/10/14 0:00,1,,스타즈호텔제주,제주특별자치도 제주시 관덕로 26,제주특별자치도 제주시 삼도이동 57-2,3349016,5011010600,2022/09/20 15:13,1,44100,
d_d001379,해변산책,0,3,Y,2022/09/08 0:00,2022/09/09 0:00,2,,,제주특별자치도 제주시 애월읍 곽지9길 7,제주특별자치도 제주시 애월읍 곽지리 1622-29,,,,1,80000,
d_d009822,갤러리호텔비앤비,1,1,Y,2022/11/05 0:00,2022/11/06 0:00,1,2208742885,(주)야놀자,서울 강남구 테헤란로108길 42,서울 강남구 대치동 1003,4166713,1168010600,2022/11/02 14:33,1,32000,갤러리 호텔 비앤비
d_d001560,새왓댁 1호점,1,8,Y,2022/09/30 0:00,2022/10/02 0:00,6,5248601528,네이버파이낸셜 주식회사,경기 성남시 분당구 정자일로 95,경기 성남시 분당구 정자동 178-4,3180021,4113510300,2022/05/30 0:00,1,640000,새왓댁STAY
d_d000290,호텔시리우스,0,1,Y,2022/08/21 0:00,2022/08/22 0:00,3,,,제주특별자치도 제주시 도령로 133,제주특별자치도 제주시 연동 2334-4,,,,1,104949,
d_d001513,티라호텔,1,1,Y,2022/09/28 0:00,2022/09/29 0:00,5,2208742885,(주)야놀자,서울 강남구 테헤란로108길 42,서울 강남구 대치동 1003,4166713,1168010600,2022/09/10 22:06,1,127690,제주 성산 티라 호텔
d_d003393,간세게스트하우스,0,7,Y,2022/10/09 0:00,2022/10/10 0:00,1,,,제주특별자치도 제주시 서광로 278,제주특별자치도 제주시 이도2동 1781-5,,,,1,20000,
d_d003989,또시오라,0,3,Y,2022/10/14 0:00,2022/10/15 0:00,2,,,제주특별자치도 제주시 서해안로 446-2,제주특별자치도 제주시 용담삼동 2400-13,,,,1,100000,
a_a002495,웨스턴그레이스호텔,1,1,Y,2022/10/02 0:00,2022/10/03 0:00,3,7428600224,(주)위드이노베이션,서울 강남구 봉은사로 479,,3122004,1168010500,2022/09/20 20:44,1,134180,GRACE SUITE HOTEL 패밀리트윈(오션뷰)
d_d002221,돌랑채,1,11,Y,2022/10/04 0:00,2022/10/05 0:00,2,,AIRBNB,,,,,2022/09/15 22:20,1,339922,
d_d002545,아루미호텔 협재점,0,1,Y,2022/10/02 0:00,2022/10/03 0:00,2,,,제주특별자치도 제주시 한림읍 한림로 545,,,,,1,108896,
d_d003589,호텔엘린,0,1,Y,2022/10/05 0:00,2022/10/07 0:00,2,,,제주특별자치도 제주시 은남1길 4,제주특별자치도 제주시 연동 292-32,,,,1,88690,
d_d003531,한라산게스트하우스,0,7,Y,2022/10/10 0:00,2022/10/11 0:00,2,,,제주특별자치도 제주시 제주대학로 77,제주특별자치도 제주시 아라일동 358-9,,,,5,69009,
d_d001229,애월 오션스테이,0,3,Y,2022/09/17 0:00,2022/09/18 0:00,1,,,,,,,,1,84800,
d_d002426,코업시티호텔 성산,1,1,Y,2022/10/31 0:00,2022/11/01 0:00,2,2118841856,주식회사티몬,서울 강남구 테헤란로 114,,3122010,1168010100,2022/09/26 0:00,1,87120,[즉시할인+딜쿠폰][서귀포시]코업시티호텔성산
d_d002558,위드스테이호텔,1,1,Y,2022/10/01 0:00,2022/10/02 0:00,3,7428600224,(주)위드이노베이션,서울 강남구 봉은사로 479,,3122004,1168010500,2022/08/23 16:00,1,66000,위드스테이호텔
d_d001727,우도머뭄,1,7,Y,2022/10/29 0:00,2022/10/30 0:00,2,,우도머뭄,제주특별자치도 제주시 우도면 조일길 44,제주특별자치도 제주시 우도면 연평리 156-1,4848714,5011033021,2022/10/29 0:00,1,110000,소소리(여성2인실)
d_d001763,랜딩관 제주신화월드호텔앤리조트,0,1,Y,2022/09/28 0:00,2022/09/30 0:00,1,,,제주특별자치도 서귀포시 안덕면 신화역사로304번길 38,제주특별자치도 서귀포시 안덕면 서광리 산 24,,,,1,322000,
d_d005571,헤이서귀포,1,1,Y,2022/11/05 0:00,2022/11/06 0:00,2,2208101733,(주)다우데이타,서울 마포구 독막로 311,서울 마포구 염리동 168-9,3113005,1144010900,2022/11/04 14:51,1,36450,
d_d000784,미도호스텔,1,7,Y,2022/08/20 0:00,2022/08/21 0:00,2,,미도호스텔 ,제주특별자치도 서귀포시 동문동로 13-1,제주특별자치도 서귀포시 서귀동 258-2,3350064,5013010100,2022/08/20 0:00,1,50000,여성8인실(조식+제주수제맥주포함)
d_d009986,미도호스텔,0,7,Y,2022/11/04 0:00,2022/11/05 0:00,2,,,제주특별자치도 서귀포시 동문동로 13-1,제주특별자치도 서귀포시 서귀동 258-2,,,,1,66000,
d_d001626,샤모니리조트,1,4,Y,2022/09/22 0:00,2022/09/24 0:00,3,2208742885,(주)야놀자,서울 강남구 테헤란로108길 42,서울 강남구 대치동 1003,4166713,1168010600,2022/09/18 9:08,1,117000,제주샤모니리조트
d_d000840,호텔윈스토리,1,1,Y,2022/08/27 0:00,2022/08/28 0:00,3,,서귀포 호텔 원스토리,제주특별자치도 서귀포시 중정로 1,,3350254,5013010100,2022/08/13 0:00,1,78000,호텔숙박비 패밀리 트윈(룸온리)
b_b002960,거제돔관광호텔,0,1,Y,2022/08/19 0:00,2022/08/20 0:00,4,,,경남 거제시 일운면 거제대로 2372,경남 거제시 일운면 지세포리 481-6,,,,1,106000,
d_d001647,더비비스제주,0,4,Y,2022/09/28 0:00,2022/09/29 0:00,1,,,제주특별자치도 서귀포시 이어도로 760,제주특별자치도 서귀포시 강정동 2479-4,,,,1,79000,
d_d001083,십이계절게스트하우스,0,7,Y,2022/09/03 0:00,2022/09/04 0:00,1,,,제주특별자치도 서귀포시 표선면 민속해안로 32,제주특별자치도 서귀포시 표선면 세화리 200-1,,,,1,50000,
d_d003819,호텔 케니 서귀포,1,1,Y,2022/10/08 0:00,2022/10/09 0:00,2,2208742885,(주)야놀자,서울 강남구 테헤란로108길 42,서울 강남구 대치동 1003,4166713,1168010600,2022/10/05 16:45,1,36000,호텔 캐니 서귀포
d_d012299,라임모텔,3,2,Y,2022/11/11 0:00,2022/11/12 0:00,2,2208742885,(주)야놀자,서울 강남구 테헤란로108길 42,서울 강남구 대치동 1003,4166713,1168010600,2022/11/07 0:00,3,37740,
d_d003062,파르나스호텔제주,10,1,,,,1,,파르나스호텔제주,제주특별자치도 서귀포시 중문관광로72번길 100,,4850763,5013011900,2022/10/05 10:32,1,74000,호텔비
d_d001598,나인부띠끄호텔,2,1,Y,2022/10/01 0:00,2022/10/02 0:00,4,5248601528,네이버파이낸셜 주식회사,경기 성남시 분당구 정자일로 95,경기 성남시 분당구 정자동 178-4,3180021,4113510300,2022/10/03 0:00,1,73000,디럭스룸온리(나인)-3
d_d007600,애월970스테이,1,11,Y,2022/10/27 0:00,2022/10/31 0:00,6,,에어비앤비,,,,,2022/09/22 21:54,1,1032833,집/아파트 전체.침대 6개.게스트 6명
d_d003169,라마다제주시티호텔,0,1,Y,2022/10/10 0:00,2022/10/11 0:00,2,,,제주특별자치도 제주시 중앙로 304,제주특별자치도 제주시 이도이동 1025-8,,,,1,85800,
d_d000218,한화리조트 제주,0,4,Y,2022/08/25 0:00,2022/08/28 0:00,2,,,제주특별자치도 제주시 명림로 575-107,제주특별자치도 제주시 회천동 3-16,,,,,0,
d_d009693,플레이스캠프제주,1,4,Y,2022/11/05 0:00,2022/11/07 0:00,1,1148725295,아고다페이먼트코리아유한회사,,,,,2022/10/30 2:20,1,278452,
d_d000396,호텔스테이현,0,1,Y,2022/08/25 0:00,2022/08/27 0:00,1,,,제주특별자치도 제주시 관덕로8길 7-12,제주특별자치도 제주시 이도일동 1371-2,,,,1,96000,
d_d001424,백패커스홈,0,7,Y,2022/09/16 0:00,2022/09/17 0:00,4,,,제주특별자치도 서귀포시 중정로 24,제주특별자치도 서귀포시 서귀동 315-2,,,,5,116000,
d_d002363,비치스토리호텔,1,1,Y,2022/10/03 0:00,2022/10/04 0:00,1,,비치스토리호텔,제주특별자치도 제주시 조천읍 조함해안로 492-5,제주특별자치도 제주시 조천읍 함덕리 1252-10,3349182,5011025924,2022/10/03 16:56,1,47200,호텔비
d_d000770,파크사이드호텔,2,1,Y,2022/08/27 0:00,2022/09/04 0:00,1,2208115770,나이스정보통신㈜,제주특별자치도 제주시 도령로 126,,3349052,5011013700,2022/09/03 0:00,1,29273,제주 파크사이드호텔 디럭스 트윈
d_d004465,노마드인제주,1,7,Y,2022/10/11 0:00,2022/10/12 0:00,1,2208742885,(주)야놀자,서울 강남구 테헤란로108길 42,서울 강남구 대치동 1003,4166713,1168010600,2022/10/10 0:00,3,25000,노마드인제주 게스트하우스
d_d000819,상상나무키즈펜션,0,3,Y,2022/08/24 0:00,2022/08/25 0:00,3,,,번영로 2587-17,,,,,1,139000,
b_b008111,거제덴바스타료칸호텔,1,1,Y,2022/10/30 0:00,2022/10/31 0:00,2,2208742885,(주)야놀자,서울 강남구 테헤란로108길 42,서울 강남구 대치동 1003,4166713,1168010600,2022/10/10 21:20,1,420000,거제 덴바스타 료칸호텔
d_d000746,메리어트관 제주신화월드호텔앤리조트,1,1,Y,2022/09/06 0:00,2022/09/07 0:00,2,6168609829,람정제주개발 주식회사,제주특별자치도 서귀포시 안덕면 녹차분재로 217,,3349232,5013031027,2022/09/04 0:00,1,214370,3.메리어트관 A.디럭스 킹(최대 성인2인+소인1인까지 투숙가능) B.객실+2인조식+소인조식무료
d_d000583,월령코지펜션,0,3,Y,2022/08/29 0:00,2022/08/30 0:00,2,,,제주특별자치도 제주시 한림읍 월령3길 39-22,제주특별자치도 제주시 한림읍 월령리 344,,,,1,62314,
d_d007452,펜션,0,3,Y,2022/10/24 0:00,2022/10/26 0:00,4,,,,,,,,1,500000,
d_d002193,에코랜드 호텔,2,1,Y,2022/10/08 0:00,2022/10/09 0:00,3,6168140053,㈜더원,제주특별자치도 제주시 조천읍 번영로 1278-169,제주특별자치도 제주시 조천읍 대흘리 1221-1,3349234,5011025926,2022/10/08 14:53,1,66000,
d_d007374,코지하우스&투어,1,3,Y,2022/10/25 0:00,2022/10/26 0:00,1,2208742885,(주)야놀자,서울 강남구 테헤란로108길 42,서울 강남구 대치동 1003,4166713,1168010600,2022/10/25 19:22,1,39000,제주코지하우스앤투어
d_d000112,펠리체펜션,0,3,N,2022/08/13 0:00,2022/08/14 0:00,4,,,제주특별자치도 서귀포시 안덕면 사계북로 117,제주특별자치도 서귀포시 안덕면 사계리 1585,,,,1,145000,
d_d002773,그랜드조선 제주,1,1,Y,2022/10/24 0:00,2022/10/25 0:00,3,5458501722,(주)조선호텔앤리조트그랜드조선제주,제주특별자치도 서귀포시 중문관광로72번길 60,,4850763,5013011900,2022/10/24 16:05,1,433174,
d_d004065,월정리썬시티 게스트하우스,0,7,Y,2022/10/15 0:00,2022/10/16 0:00,3,,,제주특별자치도 제주시 구좌읍 월정5길 33,제주특별자치도 제주시 구좌읍 월정리 243,,,,5,150000,
d_d009475,달비치펜션,0,3,Y,2022/11/02 0:00,2022/11/03 0:00,1,,,제주특별자치도 제주시 구좌읍 해맞이해안로 474,제주특별자치도 제주시 구좌읍 월정리 13,,,,1,111781,
d_d001648,벤티모호텔앤레지던스,0,1,Y,2022/09/24 0:00,2022/09/25 0:00,5,,,제주특별자치도 제주시 연삼로 14,제주특별자치도 제주시 연동 290-3,,,,5,205920,
d_d007793,코쿤호텔 애월,0,1,Y,2022/10/25 0:00,2022/10/26 0:00,2,,,제주특별자치도 제주시 애월읍 중엄3길 50,제주특별자치도 제주시 애월읍 신엄리 920,,,,1,90909,
d_d001558,호텔징크,0,1,Y,2022/09/22 0:00,2022/09/23 0:00,2,,,제주특별자치도 서귀포시 중정로 11,제주특별자치도 서귀포시 서귀동 318-17,,,,1,46520,
b_b003774,아모르가족펜션&와이키키,0,3,Y,2022/09/10 0:00,2022/09/11 0:00,5,,,경남 거제시 장목면 옥포대첩로 1117-4,경남 거제시 장목면 외포리 524,,,,5,210000,
d_d010109,타마라 제주,1,1,Y,2022/11/01 0:00,2022/11/04 0:00,2,,타마라 제주,제주특별자치도 서귀포시 김정문화로41번길 10-8,제주특별자치도 서귀포시 법환동 745-2,4850055,5013010200,2022/10/29 23:13,1,120000,호텔비 
b_b000565,서부산농협 황금노을,0,3,Y,2022/08/12 0:00,2022/08/13 0:00,4,,,경남 거제시 사등면 가조로 756-40,경남 거제시 사등면 창호리 1165-19,,,,,0,
d_d002264,오르다하우스,0,7,Y,2022/10/22 0:00,2022/10/23 0:00,1,,,제주특별자치도 제주시 중앙로 192,제주특별자치도 제주시 이도일동 1789-3,,,,5,43000,
d_d006801,퓨어스테이,0,2,Y,2022/10/30 0:00,2022/10/31 0:00,4,,,제주특별자치도 제주시 신대로 68,제주특별자치도 제주시 연동 301-3,,,,1,60000,
d_d000802,또랑게스트하우스,0,7,Y,2022/08/19 0:00,2022/08/20 0:00,1,,,제주특별자치도 제주시 한북로 338,제주특별자치도 제주시 아라일동 1955-3,,,,1,27000,
d_d001606,성산스테이션,0,7,Y,2022/10/01 0:00,2022/10/02 0:00,1,,,제주특별자치도 서귀포시 성산읍 성산중앙로 43,제주특별자치도 서귀포시 성산읍 성산리 181-1,,,,5,24900,
d_d007188,스물셋,1,11,Y,2022/10/28 0:00,2022/10/30 0:00,2,,에어비앤비,,,,,2022/10/11 13:33,1,184847,집/아파트전체.침대1개.게스트2명
d_d002349,제주신라호텔,1,1,Y,2022/10/29 0:00,2022/10/30 0:00,3,,,,,,,,,0,
d_d007597,에어비앤비 벽돌집3층,1,11,Y,2022/10/25 0:00,2022/10/26 0:00,1,,에이비앤비,,,,,2022/10/26 0:00,1,85492,
d_d004619,장유길,1,11,Y,2022/10/13 0:00,2022/10/14 0:00,4,,에어비앤비,,,,,2022/10/02 17:17,1,111602,집/아파트전체.침대3개.게스트4명
d_d012310,롯데호텔 더 캔버스,10,1,,,,6,,롯데호텔 더 캔버스,롯데호텔 더 캔버스,,,,,1,248000,호텔비
d_d008096,더그랜드섬오름 본관,2,1,Y,2022/10/29 0:00,2022/10/30 0:00,4,7428600224,(주)위드이노베이션,서울 강남구 봉은사로 479,,3122004,1168010500,2022/10/08 18:44,1,184700,HO-[생맥주 2잔+인원추가 비용 무료]패밀리 (오션뷰 측면전망)
d_d003986,호텔 케니 서귀포,1,1,Y,2022/10/21 0:00,2022/10/22 0:00,2,2208742885,(주)야놀자,서울 강남구 테헤란로108길 42,서울 강남구 대치동 1003,4166713,1168010600,2022/10/21 10:01,3,70000,호텔케니서귀포
c_c000599,라마다프라자 바이윈덤 여수,0,1,Y,2022/08/30 0:00,2022/08/31 0:00,2,,,전남 여수시 돌산읍 강남로 11,전남 여수시 돌산읍 우두리 1048-10,,,,1,150000,
d_d000458,섬고래,0,7,N,2022/08/30 0:00,2022/08/30 0:00,1,,,제주특별자치도 제주시 한림읍 금능길 65,제주특별자치도 제주시 한림읍 금능리 1395,,,,,0,
d_d007389,올레벗 게스트하우스,1,11,Y,2022/10/30 0:00,2022/10/31 0:00,8,,에어비앤비,,,,,2022/10/13 3:08,1,265718,집/아파트 전체. 침대 7개. 게스트 8명
a_a002689,웨스트포인트펜션,1,3,Y,2022/10/02 0:00,2022/10/03 0:00,4,7428600224,(주)위드이노베이션,서울 강남구 봉은사로 479,,3122004,1168010500,2022/09/23 0:08,1,89820,PE-만데빌라
d_d000863,탐라스테이호텔제주,0,1,Y,2022/08/26 0:00,2022/08/27 0:00,2,,,제주특별자치도 제주시 애월읍 애월해안로 881,제주특별자치도 제주시 애월읍 하귀2리 2732,,,,1,124281,
d_d000206,신신호텔 제주공항점,1,1,Y,2022/08/27 0:00,2022/08/28 0:00,2,6816400378,신신호텔제주공항,제주특별자치도 제주시 도령로 124,제주특별자치도 제주시 연동 270-2,3349052,5011013700,2022/08/27 17:27,1,62239,
b_b004278,클럽ES통영리조트 본관동,1,4,Y,2022/09/24 0:00,2022/09/25 0:00,3,6128511345,이에스오리엔트,경남 통영시 산양읍 척포길 628-113,경남 통영시 산양읍 미남리 697-2,4799440,4822025023,2022/09/24 15:55,1,102000,
d_d000365,평대림,1,3,Y,2022/08/19 0:00,2022/08/22 0:00,4,,,,,,,2022/07/20 8:24,1,935788,"GUJWA-EUP,JEJU-SI에서 3박"
d_d002643,퀸제누비아호,0,11,Y,2022/10/13 0:00,2022/10/14 0:00,1,,,,,,,,1,363100,
b_b001010,캘리포니아호텔,0,1,Y,2022/08/20 0:00,2022/08/21 0:00,2,,,경남 통영시 통영해안로 235,경남 통영시 항남동 239-5,,,,1,52250,
d_d004906,스타즈호텔 제주로베로,1,1,Y,2022/10/21 0:00,2022/10/23 0:00,7,4028536128,스타즈호텔,제주특별자치도 제주시 관덕로 26,제주특별자치도 제주시 삼도이동 57-2,3349016,5011010600,2022/10/21 0:00,1,468000,호텔비
d_d000415,제주토끼,0,8,Y,2022/08/28 0:00,2022/08/31 0:00,1,,,제주특별자치도 서귀포시 법화로 70-2,제주특별자치도 서귀포시 하원동 1249,,,,2,390000,
d_d000530,제주신라호텔,0,1,Y,2022/09/03 0:00,2022/09/04 0:00,1,,,제주특별자치도 서귀포시 중문관광로72번길 75,제주특별자치도 서귀포시 색달동 3039-3,,,,1,492305,
d_d000302,금호제주리조트,0,4,Y,2022/08/16 0:00,2022/08/19 0:00,3,,,제주특별자치도 서귀포시 남원읍 태위로 522-12,제주특별자치도 서귀포시 남원읍 남원리 2390,,,,,0,
d_d000326,호텔브릿지 서귀포,0,1,Y,2022/08/20 0:00,2022/08/21 0:00,2,,,제주특별자치도 서귀포시 태평로 436,제주특별자치도 서귀포시 서귀동 162-4,,,,1,125200,
d_d002118,호텔샬롬제주,0,1,Y,2022/10/02 0:00,2022/10/03 0:00,2,,,제주특별자치도 제주시 동광로 34,,,,,1,73000,
d_d000400,씨사이드뷰2,0,3,Y,2022/08/30 0:00,2022/09/01 0:00,2,,,제주특별자치도 제주시 한경면 한경해안로 190-1,제주특별자치도 제주시 한경면 용수리 4219-4,,,,1,440000,
d_d001613,제주기역,0,7,Y,2022/09/21 0:00,2022/09/23 0:00,1,,,제주특별자치도 제주시 한림읍 협재1길 19-8,제주특별자치도 제주시 한림읍 협재리 1698,,,,5,70000,
d_d006933,신신호텔 천지연,1,1,Y,2022/10/29 0:00,2022/10/30 0:00,1,,HOTEL ON BOOKING.COM,,,,,2022/10/23 17:00,1,32309,
a_a012491,자바카라반,0,5,Y,2022/10/30 0:00,2022/10/31 0:00,2,,,인천 옹진군 영흥면 선재로 61,인천 옹진군 영흥면 선재리 196,,,,5,200000,
d_d004454,숙소,0,11,Y,2022/10/24 0:00,2022/10/25 0:00,2,,,,용마로1-2,,,,1,120000,
d_d002530,탐라스테이호텔제주,0,1,Y,2022/10/09 0:00,2022/10/10 0:00,2,,,제주특별자치도 제주시 애월읍 애월해안로 881,제주특별자치도 제주시 애월읍 하귀2리 2732,,,,2,119744,
d_d010846,토스카나호텔,10,1,,,,4,,토스카나호텔,,,,,,1,170000,호텔비
d_d001716,물뜰에쉼팡리조트,1,4,Y,2022/10/06 0:00,2022/10/07 0:00,2,1208800767,쿠팡㈜,서울 송파구 송파대로 570,서울 송파구 신천동 7-30,2005011,1171010200,2022/09/06 0:00,3,119340,서귀포 JS 호텔스텐다드 트윈룸
d_d005110,빌라드애월 애월향정,0,1,N,2022/10/20 0:00,2022/10/21 0:00,2,,,제주특별자치도 제주시 애월읍 애월해안로 516-7,제주특별자치도 제주시 애월읍 신엄리 2768-7,,,,,0,
b_b003100,시누스펜션,1,3,Y,2022/08/23 0:00,2022/08/24 0:00,3,5248601528,네이버파이낸셜 주식회사,경기 성남시 분당구 정자일로 95,경기 성남시 분당구 정자동 178-4,3180021,4113510300,2022/08/03 0:00,1,170000,헤르모스
d_d001116,호텔 케니 서귀포,1,1,Y,2022/09/21 0:00,2022/09/22 0:00,1,,호텔 케니 서귀포,제주특별자치도 서귀포시 동문로 42,제주특별자치도 서귀포시 서귀동 270-9,3350339,5013010100,2022/09/14 18:06,1,33000,호텔비
d_d003862,스타빌,1,5,Y,2022/10/11 0:00,2022/10/12 0:00,4,1108105034,씨제이대한통운㈜,제주특별자치도 서귀포시 안덕면 광평로 34-156,제주특별자치도 서귀포시 안덕면 광평리 산 15,3350022,5013031029,2022/10/11 0:00,1,750000,STV객실료
d_d010862,그라벨호텔제주,1,1,Y,2022/11/05 0:00,2022/11/06 0:00,2,2208115770,나이스정보통신㈜,,,,,2022/10/16 0:00,1,109050,GRABEL HOTEL FAMILY TWIN ROOM
d_d009113,오소소게스트하우스,2,7,Y,2022/11/01 0:00,2022/11/02 0:00,1,,오소소게스트하우스,제주특별자치도 서귀포시 대정읍 비자낭로 23,제주특별자치도 서귀포시 대정읍 신도리 2071-4,3350106,5013025033,2022/10/07 14:44,1,18000,도미토리 4인실 (여)
d_d006688,호텔 케니 서귀포,5,1,Y,2022/10/21 0:00,2022/10/24 0:00,1,4478602313,주식회사호텔케니서귀포,제주특별자치도 서귀포시 동문로 42,제주특별자치도 서귀포시 서귀동 270-9,3350339,5013010100,2022/10/14 16:11,1,26350,호텔비
c_c004272,영목항펜션,0,3,Y,2022/09/30 0:00,2022/10/01 0:00,2,,,충남 태안군 고남면 영목항로 30-20,충남 태안군 고남면 고남리 334-98,,,,5,80000,
d_d006916,오션브릭풀빌라,0,3,Y,2022/10/27 0:00,2022/10/28 0:00,3,,,제주특별자치도 서귀포시 안덕면 산방로 75-3,제주특별자치도 서귀포시 안덕면 화순리 2021,,,,4,269000,
d_d005563,스테이어라운드,1,3,Y,2022/10/20 0:00,2022/10/21 0:00,2,1558601981,주식회사야놀자클라우드코리아,서울 강남구 테헤란로108길 42,서울 강남구 대치동 1003,4166713,1168010600,2022/10/18 0:00,1,80000,스테이어라운드(랜덤배정)
d_d010433,코너스톤호텔,1,11,Y,2022/11/01 0:00,2022/11/02 0:00,2,,에어비앤비,,,,,2022/10/20 12:40,1,65973,"JEONGBANG-DONG, SEOGWIPO 개인실,침대 1개, 게스트 2명"
c_c003189,순천만풍경펜션,1,3,Y,2022/09/29 0:00,2022/09/30 0:00,4,5248601528,네이버파이낸셜 주식회사,경기 성남시 분당구 정자일로 95,경기 성남시 분당구 정자동 178-4,3180021,4113510300,2022/09/18 0:00,1,120000,순천만풍경 외 3건
d_d001617,베스트웨스턴 제주호텔,0,1,Y,2022/09/30 0:00,2022/10/02 0:00,1,,,제주특별자치도 제주시 도령로 27,제주특별자치도 제주시 노형동 1295-16,,,,1,126224,
d_d000324,아트스테이함덕비치,0,1,Y,2022/08/19 0:00,2022/08/22 0:00,3,,,제주특별자치도 제주시 조천읍 조함해안로 504,제주특별자치도 제주시 조천읍 함덕리 1269-19,,,,1,425000,
d_d000924,김군게스트하우스,10,7,,,,2,,김군게스트하우스,,,,,,5,50000,숙박비
d_d007630,싹게스트하우스,1,7,Y,2022/10/28 0:00,2022/10/30 0:00,2,7397400278,싹게스트하우스,제주특별자치도 제주시 테우해안로 172,제주특별자치도 제주시 이호일동 1699-1,3349243,5011012500,2022/10/23 1:24,1,100000,숙박비 더블룸(퀸침대)
d_d001669,그린데이 게스트하우스,0,7,Y,2022/09/23 0:00,2022/09/24 0:00,1,,,제주특별자치도 제주시 남성로 158-3,제주특별자치도 제주시 삼도이동 251-9,,,,5,20000,
d_d005792,비스비제주 앤 팜빌리지,0,3,Y,2022/10/15 0:00,2022/10/16 0:00,4,,,제주특별자치도 서귀포시 속골로 29-10,제주특별자치도 서귀포시 호근동 1641-2,,,,1,135000,
d_d006754,도깨비게스트하우스,1,7,Y,2022/10/19 0:00,2022/10/20 0:00,1,,도깨비게스트하우스,제주특별자치도 제주시 조천읍 번영로 1616-6,제주특별자치도 제주시 조천읍 선흘리 1938-30,3349234,5011025930,2022/10/13 0:00,1,29000,4인실(여성전용)
d_d001112,위드U,1,7,Y,2022/09/10 0:00,2022/09/13 0:00,1,,티몬,경북 울릉군 울릉읍 울릉순환로 219-3,경북 울릉군 울릉읍 도동리 296,3326001,4794025024,2022/08/16 0:00,1,98700,[울릉군]울릉 위드 UIIEUNG
d_d010592,오조리비앤비펜션,1,3,Y,2022/11/03 0:00,2022/11/05 0:00,2,,오조리비앤비,제주특별자치도 서귀포시 성산읍 오조로 42,,3350213,5013025922,,1,159936,
d_d001967,라림부띠끄호텔,3,1,Y,2022/10/08 0:00,2022/10/10 0:00,2,,라림 부티크 호텔,제주특별자치도 서귀포시 안덕면 대평로 39,제주특별자치도 서귀포시 안덕면 창천리 907-1,3350042,5013031022,2022/10/08 0:00,1,178126,호텔비 사이드디럭스룸
d_d006007,등대와올레길펜션,1,3,Y,2022/10/16 0:00,2022/10/17 0:00,2,2208742885,(주)야놀자,서울 강남구 테헤란로108길 42,서울 강남구 대치동 1003,4166713,1168010600,2022/10/16 17:37,1,39000,서귀포 등대와올레길펜션
d_d002067,호텔 케니 서귀포,1,1,Y,2022/10/03 0:00,2022/10/04 0:00,1,5248601528,네이버파이낸셜 주식회사,경기 성남시 분당구 정자일로 95,경기 성남시 분당구 정자동 178-4,3180021,4113510300,2022/09/26 23:01,1,10000,
d_d002122,오케이모텔,1,2,Y,2022/10/15 0:00,2022/10/16 0:00,2,7428600224,(주)위드이노베이션,서울 강남구 봉은사로 479,,3122004,1168010500,2022/09/21 19:43,1,40000,MO-제주오케이-일반
d_d007987,숙소,0,1,N,2022/10/30 0:00,2022/10/30 0:00,1,,,,제주특별자치도 서귀포시 안덕면 사계리 산 16,,,,,0,
c_c000157,YEOSU HOTEL HAVEN,10,1,,,,3,,YEOSU HOTEL HAVEN,,,,,2022/08/09 0:00,1,275767,호텔비 TWIN ROOM WITH OCEAN BRIDGE VIEW
d_d006824,그랜드 밀리언스 호텔,2,1,Y,2022/10/29 0:00,2022/10/30 0:00,2,7428600224,(주)위드이노베이션,서울 강남구 봉은사로 479,,3122004,1168010500,2022/10/26 0:00,1,28350,그랜드 밀리언스 호텔 서귀포
d_d000447,나주곰탕 서울대점,0,2,N,2022/09/05 0:00,2022/09/05 0:00,2,,,서울 관악구 관악로 167,서울 관악구 봉천동 862-9,,,,1,52000,
d_d003445,미도호스텔,3,7,Y,2022/10/23 0:00,2022/10/25 0:00,1,5248601528,네이버파이낸셜 주식회사,경기 성남시 분당구 정자일로 95,경기 성남시 분당구 정자동 178-4,3180021,4113510300,2022/10/20 0:00,1,54000,미도호스텔여성4인실(조식+수제맥주포함)
d_d006150,고투베드리조트,0,4,Y,2022/10/22 0:00,2022/10/23 0:00,2,,,제주특별자치도 서귀포시 성산읍 서성일로 660,,,,,4,99000,
d_d002305,코델리아S호텔,0,1,Y,2022/10/07 0:00,2022/10/08 0:00,4,,,제주특별자치도 서귀포시 성산읍 일주동로 4186,제주특별자치도 서귀포시 성산읍 오조리 990-1,,,,1,35000,
d_d001448,붉은오름자연휴양림,0,9,Y,2022/09/21 0:00,2022/09/22 0:00,1,,,제주특별자치도 서귀포시 표선면 남조로 1487-73,제주특별자치도 서귀포시 표선면 가시리 산 158,,,,1,40000,
d_d000097,틸다하우스,0,3,Y,2022/08/21 0:00,2022/08/23 0:00,4,,,제주특별자치도 제주시 한경면 중산간서로 3367-1,제주특별자치도 제주시 한경면 낙천리 341,,,,1,460000,
d_d010389,휘슬락호텔,0,1,N,2022/11/03 0:00,2022/11/04 0:00,3,,,제주특별자치도 제주시 서부두2길 26,제주특별자치도 제주시 건입동 1443-2,,,,1,120000,
d_d002817,하버호텔,1,1,Y,2022/10/26 0:00,2022/10/27 0:00,1,,하버 호텔 제주(HARBOR HOTEL JEJU),제주특별자치도 제주시 임항로 260,제주특별자치도 제주시 건입동 1037-1,3349174,5011010700,2022/10/28 0:00,1,49700,호텔비
d_d001811,도두블루파크시티아파트,0,11,Y,2022/10/10 0:00,2022/10/11 0:00,2,,,제주특별자치도 제주시 도두항서길 41,제주특별자치도 제주시 도두일동 2614,,,,1,92423,
d_d010849,버베나하우스,0,11,Y,2022/11/01 0:00,2022/11/02 0:00,1,,,제주특별자치도 제주시 도두항서5길 17,제주특별자치도 제주시 도두일동 2622-9,,,,1,49678,
d_d001060,메종글래드제주,10,4,,,,2,6168101370,글래드호텔앤리조트(주),제주특별자치도 제주시 노연로 80,제주특별자치도 제주시 연동 263-15,3349041,5011013700,2022/09/03 13:35,1,14400,리조트비
d_d000924,설레임게스트하우스,1,7,Y,2022/09/01 0:00,2022/09/02 0:00,2,3977400152,설레임게스트하우스민박,제주특별자치도 제주시 애월읍 일주서로 5999-1,제주특별자치도 제주시 애월읍 곽지리 2053-25,3349236,5011025337,2022/09/01 19:38,1,50000,남성6인실(파티장근처/오션부/파티필참)
d_d001368,휘닉스제주,0,4,Y,2022/09/22 0:00,2022/09/25 0:00,5,,,제주특별자치도 서귀포시 성산읍 섭지코지로 107,제주특별자치도 서귀포시 성산읍 고성리 127-2,,,,1,900000,
d_d009956,별하비,0,8,Y,2022/11/01 0:00,2022/11/02 0:00,2,,,서귀포시 남원읍 신흥앞동산로35번길 3 비동,,,,,1,140000,
d_d001520,펠리시아호텔,1,1,Y,2022/09/23 0:00,2022/09/25 0:00,1,,서귀포 펠리시아호텔,제주특별자치도 서귀포시 일주동로 9123,,3349235,5013010200,2022/09/01 16:22,1,85640,오션 디럭스 더블
d_d005308,호텔휴식 서귀포,1,1,Y,2022/10/25 0:00,2022/10/27 0:00,2,,호텔 휴식 서귀포,제주특별자치도 서귀포시 중앙로71번길 17,제주특별자치도 서귀포시 서귀동 308-2,4850830,5013010100,2022/10/15 0:00,1,93314,호텔비
d_d003731,씨오르리조트,0,4,Y,2022/10/09 0:00,2022/10/11 0:00,4,,,제주특별자치도 서귀포시 이어도로 989,제주특별자치도 서귀포시 법환동 87-1,,,,3,396000,
d_d007759,헤이서귀포,0,1,Y,2022/10/26 0:00,2022/10/27 0:00,2,,,제주특별자치도 서귀포시 태평로 363,제주특별자치도 서귀포시 서귀동 820-1,,,,4,60000,
c_c002006,여수마리나유스호스텔,1,3,Y,2022/09/16 0:00,2022/09/17 0:00,5,,여수마리나유스호텔,전남 여수시 돌산읍 계동로 407,전남 여수시 돌산읍 평사리 305-1,3282006,4613025029,2022/08/30 0:00,1,119500,해오름동 102호(마운틴뷰)
d_d006146,빨간풍차펜션,1,3,N,2022/10/15 0:00,2022/10/16 0:00,4,,Booking.com,,,,,2022/10/14 0:00,1,55539,듀플렉스 스튜디오
d_d010596,그라벨호텔제주,2,1,Y,2022/10/30 0:00,2022/10/31 0:00,2,2208742885,(주)야놀자,서울 강남구 테헤란로108길 42,서울 강남구 대치동 1003,4166713,1168010600,2022/10/26 0:00,3,88000,그라벨 호텔
d_d000086,해비치호텔앤드리조트 제주,1,1,Y,2022/08/14 0:00,2022/08/17 0:00,3,,해비치호텔&리조트 제주,제주특별자치도 서귀포시 표선면 민속해안로 537,,3350090,5013032021,2022/08/14 0:00,1,1031607,수페리어 트윈 빌리지
d_d000515,신신호텔 천지연,1,1,Y,2022/08/26 0:00,2022/08/29 0:00,2,1148725295,아고다페이먼트코리아유한회사,서울 중구 을지로 100,,3101006,1114010500,2022/08/11 20:18,3,153782,신신호텔 천지연
d_d007532,호텔골든데이지 서귀포오션,0,1,Y,2022/10/25 0:00,2022/10/26 0:00,1,,,제주특별자치도 서귀포시 동홍로 7,제주특별자치도 서귀포시 서귀동 255-1,,,,1,57553,
d_d006028,오션트리,1,3,Y,2022/10/19 0:00,2022/10/20 0:00,1,6162819856,오션트리,제주특별자치도 서귀포시 월드컵로 188,제주특별자치도 서귀포시 강정동 702-2,3350224,5013011600,2022/10/19 18:58,1,49500,
d_d001834,그랜드하얏트제주,1,1,Y,2022/10/04 0:00,2022/10/05 0:00,1,8248102515,주식회사인터파크,서울 강남구 삼성로 512,,3122005,1168010500,2022/09/29 0:00,1,285120,그랜드하얏트제주
d_d000475,푸르다오션펜션,0,3,Y,2022/08/31 0:00,2022/09/03 0:00,2,,,제주특별자치도 제주시 한림읍 월령3길 39-5,제주특별자치도 제주시 한림읍 월령리 330-1,,,,1,417000,
d_d004817,글로스터호텔제주,1,1,Y,2022/10/30 0:00,2022/11/01 0:00,2,4858702253,주식회사케이에이치엠아이,제주특별자치도 제주시 삼무로 57,,3349083,5011013700,2022/10/30 16:05,1,172000,
d_d010341,켄싱턴리조트 제주중문,0,4,Y,2022/10/30 0:00,2022/10/31 0:00,2,,,제주특별자치도 서귀포시 중문관광로72번길 29-29,제주특별자치도 서귀포시 색달동 2822-5,,,,4,300000,
d_d006006,벨루가,1,3,Y,2022/10/25 0:00,2022/10/26 0:00,2,,제주벨루가,제주특별자치도 서귀포시 대정읍 영락하동로85번길 41-1,,4850620,5013025032,2022/10/25 15:00,1,212900,풀빌라
d_d001156,호연스테이,0,3,Y,2022/09/13 0:00,2022/09/16 0:00,2,,,제주특별자치도 제주시 구좌읍 한동북1길 51,제주특별자치도 제주시 구좌읍 한동리 1375-1,,,,5,630000,
d_d000437,호텔제이힐,1,1,Y,2022/08/26 0:00,2022/08/27 0:00,2,,제이힐&시티 호텔,제주특별자치도 서귀포시 천제연로188번길 11,제주특별자치도 서귀포시 중문동 2050-1,4850848,5013011200,2022/08/26 0:00,1,37800,EVENT ROOM(객실랜덤배정)
d_d001424,오누박스게스트하우스,0,7,Y,2022/09/17 0:00,2022/09/18 0:00,4,,,제주특별자치도 제주시 애월읍 곽봉로 4-43,제주특별자치도 제주시 애월읍 곽지리 2030,,,,5,100000,
d_d001013,루프탑게스트하우스,1,7,Y,2022/09/01 0:00,2022/09/05 0:00,1,5248601528,네이버파이낸셜 주식회사,경기 성남시 분당구 정자일로 95,경기 성남시 분당구 정자동 178-4,3180021,4113510300,2022/08/25 0:00,1,66000,남자도미토리4인실
d_d011016,신신호텔 천지연점,10,1,,,,1,,신신호텔 천지연점,,,,,,1,38650,호텔비
d_d000020,오션스위츠 제주호텔,0,1,Y,2022/08/08 0:00,2022/08/09 0:00,4,,,제주특별자치도 제주시 탑동해안로 74,제주특별자치도 제주시 삼도2동 1260-1,,,,1,140000,
d_d001463,코델리아S호텔,0,1,Y,2022/09/17 0:00,2022/09/18 0:00,2,,,제주특별자치도 서귀포시 성산읍 일주동로 4186,제주특별자치도 서귀포시 성산읍 오조리 990-1,,,,,0,
a_a002690,VIP모텔,1,2,Y,2022/09/28 0:00,2022/09/29 0:00,1,7428600224,(주)위드이노베이션,,,,,2022/09/21 11:04,1,37000,
d_d005094,한라산국립공원 관음사지구야영장,2,5,N,2022/10/15 0:00,2022/10/17 0:00,4,6168300017,제주특별자치도청/예술인,제주특별자치도 제주시 산록북로 660,,3349080,5011011700,2022/10/15 11:17,1,6000,
d_d002114,호텔아로하,0,1,Y,2022/09/29 0:00,2022/09/30 0:00,1,,,제주특별자치도 서귀포시 성산읍 성산등용로 40,제주특별자치도 서귀포시 성산읍 성산리 382-31,,,,4,80000,
d_d007600,돈걱정,1,11,N,2022/10/28 0:00,2022/10/28 0:00,6,4680301924,돈걱정,제주특별자치도 제주시 애월읍 중엄3길 65,제주특별자치도 제주시 애월읍 신엄리 957,4848784,5011025326,2022/10/28 19:43,1,186000,
d_d010212,랜딩관 제주신화월드호텔앤리조트,1,1,Y,2022/10/29 0:00,2022/10/30 0:00,2,2208742885,(주)야놀자,서울 강남구 테헤란로108길 42,서울 강남구 대치동 1003,4166713,1168010600,2022/10/29 1:30,3,154000,랜딩관 제주신화월드 호텔앤리조트
d_d000185,파르나스호텔(주),10,1,,,,2,6948501932,파르나스호텔(주),제주특별자치도 서귀포시 중문관광로72번길 100,,4850763,5013011900,2022/09/01 11:09,1,31450,호텔비
b_b000151,일마레펜션,1,3,Y,2022/08/25 0:00,2022/08/26 0:00,2,,남해일마레펜션,경남 남해군 창선면 동부대로 2790-13,경남 남해군 창선면 당항리 240,2343002,4884039023,2022/08/25 0:00,,0,펜션(파도 2층)
d_d010195,제성길,0,7,Y,2022/11/05 0:00,2022/11/06 0:00,1,,,제성길,,,,,1,57765,
b_b002795,통영 한산마리나호텔&리조트,1,1,Y,2022/08/28 0:00,2022/08/29 0:00,3,6128144514,(주)한어울,경남 통영시 산양읍 삼칭이해안길 820,,4799229,4822025021,2022/08/29 10:59,3,430000,호텔비
d_d003795,까사펠리즈,0,4,Y,2022/10/16 0:00,2022/10/18 0:00,5,,,제주특별자치도 제주시 애월읍 일주서로 6550,제주특별자치도 제주시 애월읍 하가리 1183,,,,5,300000,
d_d008013,호텔윈스토리,1,1,Y,2022/10/26 0:00,2022/10/29 0:00,4,,,,,,,2022/10/04 1:30,1,158175,HO-스탠다드 트윈
a_a003193,917모텔,1,2,Y,2022/10/01 0:00,2022/10/02 0:00,2,,강화917모텔,인천 강화군 내가면 해안서로 917,인천 강화군 내가면 외포리 582-16,3157041,2871036023,2022/09/20 10:30,1,68796,숙박비
d_d001499,낙천주의자들,0,8,Y,2022/09/20 0:00,2022/09/22 0:00,2,,,제주특별자치도 제주시 구좌읍 세화7길 28,제주특별자치도 제주시 구좌읍 세화리 1383,,,,5,245600,
d_d006985,제주마실게스트하우스,0,7,Y,2022/10/25 0:00,2022/10/26 0:00,3,,,제주특별자치도 제주시 서광로2길 11-16,제주특별자치도 제주시 오라일동 2444-34,,,,4,51800,
d_d000658,미르빌펜션&리조트,0,3,Y,2022/09/05 0:00,2022/09/06 0:00,2,,,제주특별자치도 서귀포시 안덕면 사계로114번길 87,제주특별자치도 서귀포시 안덕면 사계리 846,,,,1,60000,
d_d010067,다인오세아노호텔,1,1,Y,2022/11/05 0:00,2022/11/06 0:00,3,2208742885,(주)야놀자,서울 강남구 테헤란로108길 42,서울 강남구 대치동 1003,4166713,1168010600,2022/10/31 23:13,3,211370,
d_d010134,숨게스트하우스 제주공항점,0,7,Y,2022/10/31 0:00,2022/11/01 0:00,1,,,제주특별자치도 제주시 서광로5길 2-2,제주특별자치도 제주시 용담1동 2829-1,,,,1,25000,
d_d000547,더베스트제주성산,0,1,Y,2022/08/24 0:00,2022/08/25 0:00,2,,,제주특별자치도 서귀포시 성산읍 동류암로 26,제주특별자치도 서귀포시 성산읍 고성리 298-5,,,,1,69299,
d_d003876,36번가렌트하우스,0,11,Y,2022/10/07 0:00,2022/10/10 0:00,4,,,,,,,,5,210000,
d_d003291,그린데이 게스트하우스,0,7,Y,2022/10/20 0:00,2022/10/22 0:00,1,,,제주특별자치도 제주시 남성로 158-3,제주특별자치도 제주시 삼도이동 251-9,,,,1,44000,
d_d007453,소로소로,0,7,Y,2022/10/30 0:00,2022/10/31 0:00,1,,,제주특별자치도 제주시 구좌읍 송당7길 3,제주특별자치도 제주시 구좌읍 송당리 1389-6,,,,5,45000,
d_d001616,이디오랜,0,8,Y,2022/09/25 0:00,2022/09/26 0:00,6,,,제주특별자치도 제주시 한림읍 드르밧길 17,제주특별자치도 제주시 한림읍 한림리 829,,,,1,270000,
d_d002145,호텔스카이파크 제주1호점,0,1,Y,2022/10/14 0:00,2022/10/16 0:00,2,,,제주특별자치도 제주시 삼무로 48,제주특별자치도 제주시 연동 272-29,,,,1,109998,
a_a003158,ZUN게스트하우스,1,7,Y,2022/09/30 0:00,2022/10/01 0:00,1,,JUN게스트하우스,인천 중구 하늘초롱길 58,인천 중구 운서동 3079-39,4247489,2811014700,2022/09/23 16:13,3,35000,트윈5룸(2인예약시 40000원)
d_d001535,그랜드하얏트제주,0,1,Y,2022/09/25 0:00,2022/09/26 0:00,2,,,제주특별자치도 제주시 노연로 12,제주특별자치도 제주시 노형동 925,,,,1,338000,
d_d001892,신화호텔,0,1,Y,2022/10/07 0:00,2022/10/08 0:00,4,,,신화호텔랜딩관,,,,,1,581200,
d_d001884,오션뷰제주 게스트하우스,0,7,Y,2022/10/11 0:00,2022/10/12 0:00,1,,,제주특별자치도 서귀포시 안덕면 난드르로 49-71,제주특별자치도 서귀포시 안덕면 창천리 785-2,,,,1,50000,
d_d001387,제주푸른호텔,1,1,Y,2022/09/16 0:00,2022/09/18 0:00,2,,옥션,,,,,2022/09/09 21:23,1,23910,숙박비
d_d003974,인피니티리조트,0,4,Y,2022/10/15 0:00,2022/10/16 0:00,2,,,제주특별자치도 제주시 조천읍 조함해안로 376-9,제주특별자치도 제주시 조천읍 함덕리 3297,,,,1,97200,
b_b004963,개똥골펜션,0,3,Y,2022/10/02 0:00,2022/10/03 0:00,4,,,경남 통영시 한산면 한산일주로 590-116,경남 통영시 한산면 창좌리 952,,,,1,150000,
d_d003747,코업시티호텔 성산,1,1,Y,2022/10/10 0:00,2022/10/12 0:00,1,,Booking.com,,,,,2022/10/05 0:00,1,120474,스텐다드 더블룸
d_d002955,메이더카라반,0,5,Y,2022/10/09 0:00,2022/10/10 0:00,6,,,제주특별자치도 제주시 구좌읍 일주동로 1622,제주특별자치도 제주시 구좌읍 동복리 1651-1,,,,5,150000,
d_d000709,앳코너,1,3,Y,2022/08/24 0:00,2022/08/25 0:00,2,,에어비엔비,,,,,2022/07/25 0:00,1,134000,독채 렌트비
d_d006063,코코스펜션,1,3,Y,2022/10/22 0:00,2022/10/23 0:00,5,,코코스협재,제주특별자치도 제주시 한림읍 협재2길 26,,4849107,5011025031,2022/10/23 9:05,1,10000,펜션비
c_c002492,스터번호텔,0,1,Y,2022/09/16 0:00,2022/09/17 0:00,2,,,경남 거제시 동부면 학동7길 2,경남 거제시 동부면 학동리 218-3,,,,1,143520,
d_d006140,샐리스 제주,0,1,Y,2022/10/17 0:00,2022/10/18 0:00,4,,,제주특별자치도 제주시 애월읍 고내로 46,제주특별자치도 제주시 애월읍 하가리 1258-1,,,,1,103550,
d_d009069,호랑이주택,1,7,Y,2022/10/30 0:00,2022/10/31 0:00,1,,호랑이주택,제주특별자치도 제주시 한림읍 명랑남길 17,제주특별자치도 제주시 한림읍 한림리 546-1,4847650,5011025024,2022/10/28 0:00,1,25000,4인 남성도미토리(1인요금)
d_d006341,휘닉스제주,0,4,Y,2022/10/22 0:00,2022/10/24 0:00,3,,,제주특별자치도 서귀포시 성산읍 섭지코지로 107,제주특별자치도 서귀포시 성산읍 고성리 127-2,,,,4,700000,
b_b006272,남해민박,10,8,,,,2,,남해민박,남해대로2477번안길,,,,,5,120000,
d_d007782,마제스티 펜션,0,3,Y,2022/10/28 0:00,2022/10/29 0:00,2,,,제주특별자치도 제주시 한림읍 옹포2길 12,제주특별자치도 제주시 한림읍 협재리 1388,,,,1,130000,
d_d010253,랜딩관 제주신화월드호텔앤리조트,0,1,Y,2022/11/02 0:00,2022/11/03 0:00,3,,,제주특별자치도 서귀포시 안덕면 신화역사로304번길 38,제주특별자치도 서귀포시 안덕면 서광리 산 24,,,,1,95810,
d_d006761,울릉벚꽃 게스트하우스,1,7,Y,2022/10/22 0:00,2022/10/25 0:00,3,,울릉벚꽃 게스트하우스,경북 울릉군 서면 통구미1길 162,경북 울릉군 서면 남양리 79-2,4778060,4794031024,2022/10/13 18:31,3,180000,게스트하우스
d_d009717,오세화,0,3,Y,2022/10/30 0:00,2022/11/03 0:00,2,,,제주특별자치도 제주시 구좌읍 세송로 8-11,제주특별자치도 제주시 구좌읍 세화리 887,,,,1,520000,
d_d004550,신신호텔 제주공항점,0,1,Y,2022/10/23 0:00,2022/10/24 0:00,2,,,제주특별자치도 제주시 도령로 124,제주특별자치도 제주시 연동 270-2,,,,1,62070,
c_c001068,울산대학교 청운학사 기린관,0,11,N,2022/09/04 0:00,2022/09/05 0:00,4,,,울산 남구 대학로 93,울산 남구 무거동 665,,,,,0,
d_d002634,스플래시리조트,0,4,Y,2022/10/22 0:00,2022/10/23 0:00,1,,,제주특별자치도 서귀포시 솔동산로 28,제주특별자치도 서귀포시 서귀동 644-3,,,,5,130000,
d_d001187,메리어트관 제주신화월드호텔앤리조트,0,1,Y,2022/09/28 0:00,2022/09/30 0:00,2,,,제주특별자치도 서귀포시 안덕면 신화역사로304번길 38,제주특별자치도 서귀포시 안덕면 서광리 산 24,,,,1,25800,
d_d006339,숙소,0,11,N,2022/10/28 0:00,2022/10/29 0:00,2,,,신례로340,,,,,,0,
b_b000218,서울역울릉역,0,7,Y,2022/08/16 0:00,2022/08/17 0:00,2,,,천부리 571-1,,,,,1,179000,
d_d002252,에어비앤비,1,11,Y,2022/10/02 0:00,2022/10/04 0:00,2,,에어비앤비,,,,,2022/08/03 21:22,1,173295,집/아파트.침대1개.게스트 2명
a_a002402,웨스턴그레이스호텔,2,1,Y,2022/09/17 0:00,2022/09/18 0:00,2,5278800686,주식회사 카카오페이,경기 성남시 분당구 판교역로 152,경기 성남시 분당구 백현동 537,3179025,4113511000,2022/09/15 20:22,1,110000,웨스턴그레이스호텔 숙박비
d_d002447,베드라디오 동문점,0,7,Y,2022/09/30 0:00,2022/10/02 0:00,2,,,제주특별자치도 제주시 중앙로1길 41-1,제주특별자치도 제주시 건입동 1322,,,,1,127500,
d_d000640,HAEVICH HOTEL & RESORT JEJU,10,1,,,,3,6168127929,해비치호텔앤드리조트㈜,제주특별자치도 서귀포시 표선면 민속해안로 537,,3350090,5013032021,2022/08/30 9:46,1,56000,호텔비
d_d005882,갤러리호텔비앤비,0,1,Y,2022/10/22 0:00,2022/10/23 0:00,1,,,제주특별자치도 제주시 삼무로3길 48,제주특별자치도 제주시 연동 271-4,,,,1,35000,
d_d002563,안녕함덕,0,7,Y,2022/10/07 0:00,2022/10/09 0:00,1,,,제주특별자치도 제주시 조천읍 함덕로 10,제주특별자치도 제주시 조천읍 함덕리 272-43,,,,1,54000,
d_d009017,플레이스캠프제주,1,1,Y,2022/10/30 0:00,2022/10/31 0:00,2,4988500107,플레이스(playce),제주특별자치도 서귀포시 성산읍 동류암로 20,,3350063,5013025924,2022/10/30 14:51,1,83505,
d_d012299,라임모텔,1,2,Y,2022/11/11 0:00,2022/11/12 0:00,2,,제주 라임,제주특별자치도 제주시 도두봉6길 29,제주특별자치도 제주시 도두일동 1702-6,4847520,5011012700,2022/11/07 10:01,1,42000,
d_d000494,기린빌라리조트,0,4,Y,2022/09/06 0:00,2022/09/08 0:00,4,,,제주특별자치도 서귀포시 남원읍 서성로 427-1,제주특별자치도 서귀포시 남원읍 위미리 4628,,,,,0,
d_d000887,그랜드하얏트제주,1,1,Y,2022/09/03 0:00,2022/09/05 0:00,2,,그랜드 하얏트,제주특별자치도 제주시 노연로 12,제주특별자치도 제주시 노형동 925,3349041,5011012200,2022/08/01 16:04,1,498599,호텔비
d_d009091,제주오션팰리스,0,1,Y,2022/10/31 0:00,2022/11/01 0:00,2,,,제주특별자치도 서귀포시 중앙로 14,제주특별자치도 서귀포시 서귀동 494,,,,1,42768,
d_d000033,호텔 더본 제주,10,1,,,,4,1938500328,호텔더본제주,제주특별자치도 서귀포시 색달로 18,제주특별자치도 서귀포시 색달동 2138,3350132,5013011900,2022/08/09 11:15,1,46000,숙박비
d_d007907,협재 서쪽게스트하우스,0,7,Y,2022/10/28 0:00,2022/10/30 0:00,1,,,제주특별자치도 제주시 한림읍 협재2길 12,제주특별자치도 제주시 한림읍 협재리 2527,,,,5,120000,
d_d001570,브라운스위트제주 호텔앤리조트,1,1,Y,2022/09/23 0:00,2022/09/24 0:00,2,8348500773,브라운스위트제주호텔,제주특별자치도 서귀포시 성산읍 고성오조로 94,,3350018,5013025924,2022/09/23 14:40,1,58282,
d_d002193,에코랜드 호텔,1,1,Y,2022/10/08 0:00,2022/10/09 0:00,3,,에코랜드호텔,제주특별자치도 제주시 조천읍 남조로 1982,제주특별자치도 제주시 조천읍 교래리 385-1,3349229,5011025929,2022/07/19 13:19,1,234360,슈페이어트윈
d_d002841,달1037,0,3,Y,2022/10/21 0:00,2022/10/23 0:00,2,,,제주특별자치도 서귀포시 성산읍 중산간동로 4204-12,제주특별자치도 서귀포시 성산읍 삼달리 1037-1,,,,5,198000,
d_d010343,켄싱턴리조트 제주한림,0,4,Y,2022/11/01 0:00,2022/11/02 0:00,4,,,제주특별자치도 제주시 한림읍 한림해안로 530,,,,,1,156000,
d_d004352,하늘아래 게스트하우스,1,11,Y,2022/10/19 0:00,2022/10/20 0:00,1,,에어비앤비,,,,,2022/10/17 13:44,1,86647,개인실.침대2개.게스트1명
a_a001606,데일리펜션,1,3,Y,2022/09/20 0:00,2022/09/21 0:00,1,,주식회사 인터파크,,,,,2022/09/05 15:31,1,51150,강화도 데일리펜션
d_d004583,스카이호텔,0,1,Y,2022/10/25 0:00,2022/10/26 0:00,1,,,제주특별자치도 제주시 한림읍 한림로 917,제주특별자치도 제주시 한림읍 귀덕리 3646,,,,1,47530,
d_d009396,하젠타운,0,3,Y,2022/11/05 0:00,2022/11/06 0:00,4,,,토산중앙로 140,,,,,1,159000,
d_d003090,삼달리참꽃네,0,8,Y,2022/10/05 0:00,2022/10/06 0:00,1,,,제주특별자치도 서귀포시 성산읍 삼달로 66,제주특별자치도 서귀포시 성산읍 삼달리 103-16,,,,1,150000,
d_d009470,동행in협재,1,7,Y,2022/10/31 0:00,2022/11/02 0:00,1,5248601528,네이버파이낸셜 주식회사,경기 성남시 분당구 정자일로 95,경기 성남시 분당구 정자동 178-4,3180021,4113510300,2022/10/29 16:41,3,30000,
d_d000101,홍스랜드,0,3,Y,2022/08/11 0:00,2022/08/13 0:00,2,,,제주특별자치도 제주시 애월읍 어음13길 25-45,제주특별자치도 제주시 애월읍 어음리 1412-1,,,,1,358000,
d_d001642,귤중옥펜션,0,3,Y,2022/10/01 0:00,2022/10/02 0:00,2,,,제주특별자치도 서귀포시 안덕면 덕수서로163번길 34,제주특별자치도 서귀포시 안덕면 덕수리 2769-1,,,,1,75000,
d_d000039,부띠끄풀빌라 나미브,0,3,Y,2022/08/13 0:00,2022/08/14 0:00,4,,,제주특별자치도 제주시 한경면 판포4길 41-41,제주특별자치도 제주시 한경면 판포리 1684,,,,1,350000,
d_d001747,HAEVICH HOTEL & RESORT JEJU,10,1,,,,2,6168127929,해비치호텔앤드리조트㈜,제주특별자치도 서귀포시 표선면 민속해안로 537,,3350090,5013032021,2022/10/04 12:03,1,122550,호텔비
d_d007369,펠리시아호텔,1,1,Y,2022/10/26 0:00,2022/10/27 0:00,3,7428600224,(주)위드이노베이션,서울 강남구 봉은사로 479,,3122004,1168010500,2022/10/22 20:41,1,74000,MO-서귀포펠리시아 - 디럭
d_d005281,삼해인관광호텔,1,1,Y,2022/10/11 0:00,2022/10/12 0:00,3,,삼해인호텔,제주특별자치도 제주시 도령로 108,제주특별자치도 제주시 연동 260-9,3349052,5011013700,2022/09/26 8:12,1,30760,"패밀리 스위트(한실 온실, 침실 더블+싱글베드)"
d_d001673,바랑쉬게스트하우스,1,7,Y,2022/09/26 0:00,2022/09/27 0:00,1,4740200976,바랑쉬,제주특별자치도 서귀포시 성산읍 환해장성로 496,제주특별자치도 서귀포시 성산읍 온평리 1111-2,3350332,5013025926,2022/09/26 19:42,3,20000,
d_d008994,해밀렌트하우스,0,7,Y,2022/10/30 0:00,2022/11/01 0:00,4,,,법화로 54(하원동 1254-1),,,,,1,346590,
d_d004458,하도리보통날,0,8,Y,2022/10/22 0:00,2022/10/23 0:00,2,,,제주특별자치도 제주시 구좌읍 하도1길 33,제주특별자치도 제주시 구좌읍 하도리 2205-1,,,,5,130000,
d_d004070,골드원호텔&스위트,0,1,Y,2022/10/22 0:00,2022/10/24 0:00,1,,,제주특별자치도 서귀포시 이어도로 1032,제주특별자치도 서귀포시 서호동 115,,,,4,538000,
d_d007774,에어비앤비,1,11,Y,2022/10/28 0:00,2022/10/29 0:00,2,,에어비앤비,,제주특별자치도 서귀포시 남원읍 신흥앞동산로35번길 23-4,,,2022/09/20 8:10,1,265718,집/아파트 전체 ?  침대 1개 ?  게스트 2명
d_d001482,호텔섬앤썸,2,1,Y,2022/10/02 0:00,2022/10/05 0:00,2,4468102090,(주)아이엠아일랜드,경북 울릉군 울릉읍 도동3길 27-1,경북 울릉군 울릉읍 도동리 182-6,4778014,4794025024,2022/10/04 10:01,1,80000,침대방
d_d003096,문어오빠제주게스트하우스,1,7,Y,2022/10/05 0:00,2022/10/06 0:00,1,,제주도파티게스트하우스 문어오빠,제주특별자치도 제주시 한림읍 한림로 372-15,제주특별자치도 제주시 한림읍 협재리 1860,3349208,5011025031,,1,30000,여자6인실(옥돔ROOM)
d_d002304,르네상스호텔,1,1,N,2022/09/30 0:00,2022/10/01 0:00,1,4411400606,르네상스호텔,제주특별자치도 제주시 서사로14길 1,제주특별자치도 제주시 삼도일동 531,4847915,5011010500,2022/09/30 17:21,1,50000,호텔비
d_d009051,보헤미안 애월,0,3,Y,2022/10/28 0:00,2022/10/31 0:00,2,,,제주특별자치도 제주시 애월읍 고내안길 28,제주특별자치도 제주시 애월읍 고내리 1212-1,,,,1,377000,
d_d001707,빅썸 호스텔,0,7,Y,2022/10/02 0:00,2022/10/04 0:00,4,,,제주특별자치도 서귀포시 남원읍 태위로 984-7,제주특별자치도 서귀포시 남원읍 태흥리 373,,,,5,250000,
d_d004957,마블러스하도,0,4,Y,2022/10/19 0:00,2022/10/19 0:00,3,,,제주특별자치도 제주시 구좌읍 해맞이해안로 1651,제주특별자치도 제주시 구좌읍 하도리 1808,,,,,0,
d_d001027,마레보비치호텔,1,1,Y,2022/09/02 0:00,2022/09/03 0:00,2,,제주마레보비치호텔,제주특별자치도 제주시 애월읍 곽지1길 23,제주특별자치도 제주시 애월읍 곽지리 1565-18,4847146,5011025337,2022/08/03 12:51,1,107573,마운틴뷰패밀리트윈룸
d_d001876,뜨리바다펜션,0,3,Y,2022/09/27 0:00,2022/09/28 0:00,2,,,제주특별자치도 서귀포시 남원읍 태위로510번길 31-16,제주특별자치도 서귀포시 남원읍 남원리 2397,,,,5,100000,
d_d000872,호텔케니모슬포,0,1,Y,2022/08/26 0:00,2022/08/27 0:00,2,,,제주특별자치도 서귀포시 대정읍 하모중앙로 22,제주특별자치도 서귀포시 대정읍 하모리 1414-1,,,,1,35000,
d_d004921,위드시티호텔,0,1,Y,2022/10/17 0:00,2022/10/18 0:00,2,,,제주특별자치도 제주시 노연로 34,제주특별자치도 제주시 노형동 930-5,,,,5,60000,
d_d000507,타기모텔,0,2,Y,2022/08/20 0:00,2022/08/21 0:00,2,,,제주특별자치도 제주시 중앙로5길 12,제주특별자치도 제주시 일도일동 1300-20,,,,1,35000,
d_d000668,브라보인,0,7,Y,2022/08/19 0:00,2022/08/20 0:00,1,,,제주특별자치도 제주시 산지로 19,,,,,5,80000,
d_d000631,랜딩관 제주신화월드호텔앤리조트,1,1,Y,2022/08/31 0:00,2022/09/02 0:00,4,6168609829,람정제주개발 주식회사,제주특별자치도 서귀포시 안덕면 녹차분재로 217,,3349232,5013031027,2022/08/31 15:12,1,530000,호텔비
d_d001103,제주도게스트하우스파티 한담누리,1,7,Y,2022/09/02 0:00,2022/09/03 0:00,1,,제주애월게스트하우스 한담누리,제주특별자치도 제주시 애월읍 일주서로 6158,제주특별자치도 제주시 애월읍 애월리 2443-2,3349236,5011025334,2022/08/31 0:00,1,30000,게스트하우스 비
d_d010193,미니메리,0,8,Y,2022/11/02 0:00,2022/11/03 0:00,2,,,제주특별자치도 서귀포시 안덕면 난드르로36번길 17,제주특별자치도 서귀포시 안덕면 창천리 852-4,,,,5,75000,
c_c004745,안면도자연휴양림 숲속의집,1,9,Y,2022/10/12 0:00,2022/10/13 0:00,1,3078303973,충청남도산림자원연구소,충남 태안군 안면읍 안면대로 3195-6,,2264001,4482525321,2022/09/30 0:30,1,56000,만남1호(5인실)1박
d_d005065,나무앤씨 키즈,1,11,Y,2022/10/11 0:00,2022/10/14 0:00,3,,에어비앤비,,,,,2022/07/16 0:00,1,589200,집/아파트 전체.침대2개.게스트 2명
d_d001399,파미유스파리조트,1,4,Y,2022/09/25 0:00,2022/09/26 0:00,3,,(주)인터파크,,,,,2022/09/20 16:11,1,67100,
d_d004451,아쿠아뷰티크,0,3,Y,2022/10/29 0:00,2022/10/30 0:00,2,,,제주특별자치도 제주시 구좌읍 해맞이해안로 522,제주특별자치도 제주시 구좌읍 행원리 1515-9,,,,2,163500,
d_d001784,호텔조이,1,1,Y,2022/10/01 0:00,2022/10/02 0:00,2,2208742885,(주)야놀자,서울 강남구 테헤란로108길 42,서울 강남구 대치동 1003,4166713,1168010600,2022/10/01 14:52,1,49500,제주 조이호텔
d_d000352,오션뷰게스트하우스,10,7,,,,2,,오션뷰게스트하우스,난드르로 49-71 (창천리) 2층,,,,,1,44000,숙박비
d_d003564,코업시티호텔 하버뷰,0,1,Y,2022/10/28 0:00,2022/10/30 0:00,2,,,제주특별자치도 서귀포시 남원읍 태위로 108,제주특별자치도 서귀포시 남원읍 위미리 2895,,,,1,128000,
d_d001677,신신호텔 제주공항점,1,1,Y,2022/09/24 0:00,2022/09/25 0:00,2,2208115770,나이스정보통신㈜,제주특별자치도 제주시 도령로 124,제주특별자치도 제주시 연동 270-2,3349052,5011013700,2022/09/24 0:00,,0,신신호텔 제주공항
c_c002415,숙소,1,11,N,2022/09/26 0:00,2022/09/26 0:00,2,7350801270,다도해식당,전남 여수시 동문로 135-1,전남 여수시 공화동 347,3282020,4613010300,2022/09/26 13:06,1,30000,
b_b004543,공곶이가는길펜션,1,3,Y,2022/10/01 0:00,2022/10/02 0:00,5,6121305394,공곶이편의점,경남 거제시 일운면 와현로 257,경남 거제시 일운면 와현리 166,3337034,4831031023,2022/10/02 9:41,3,120000,
d_d010480,바솔트,1,1,N,2022/10/30 0:00,2022/10/30 0:00,1,1638501442,디에스디엘주식회사,제주특별자치도 서귀포시 막숙포로 118,제주특별자치도 서귀포시 법환동 1498,3350078,5013010200,2022/10/30 21:07,1,34800,
d_d001393,휘슬락호텔,0,1,Y,2022/09/12 0:00,2022/09/13 0:00,3,,,제주특별자치도 제주시 서부두2길 26,제주특별자치도 제주시 건입동 1443-2,,,,1,92396,
d_d001437,에코랜드호텔,0,1,Y,2022/09/16 0:00,2022/09/18 0:00,3,,,제주특별자치도 제주시 조천읍 남조로 1982,제주특별자치도 제주시 조천읍 교래리 385-1,,,,2,850000,
d_d005360,신라스테이 제주,0,1,Y,2022/10/14 0:00,2022/10/16 0:00,2,,,제주특별자치도 제주시 노연로 100,제주특별자치도 제주시 연동 274-16,,,,1,308550,
a_a002583,영종씨사이드파크카라반캠핑장,0,5,Y,2022/09/24 0:00,2022/09/25 0:00,4,,,인천 중구 영종해안남로 1403,인천 중구 운남동 1640-1,,,,5,175620,
d_d003715,리조트 청,0,4,Y,2022/10/15 0:00,2022/10/16 0:00,7,,,강정동 1338 리조트 청,,,,,5,368000,
d_d010562,두모리에 리조트,0,4,Y,2022/10/31 0:00,2022/11/02 0:00,2,,,제주특별자치도 제주시 한경면 두모11길 52-1,제주특별자치도 제주시 한경면 두모리 2611,,,,1,168000,
d_d002798,다이어리펜션,1,11,Y,2022/10/19 0:00,2022/10/22 0:00,3,,에어비앤비,,,,,2022/09/26 13:02,1,545877,집/아파트 전체.침대2개.게스트3명
d_d000243,호텔샬롬제주,0,1,Y,2022/08/17 0:00,2022/08/18 0:00,2,,,제주특별자치도 제주시 동광로 34,제주특별자치도 제주시 이도이동 1174-1,,,,1,65834,
d_d000145,제주명성아카데미하우스,0,4,Y,2022/08/11 0:00,2022/08/13 0:00,4,,,제주특별자치도 제주시 조천읍 남조로 2119-39,제주특별자치도 제주시 조천읍 교래리 785-1,,,,3,160000,
c_c000618,쏠비치 진도,1,4,Y,2022/09/02 0:00,2022/09/04 0:00,3,,소노호텔&리조트쏠비치진도,전남 진도군 의신면 송군길 30-40,전남 진도군 의신면 초사리 1204,4703172,4690033029,2022/09/02 0:00,1,50000,콘도_패밀리(취사/클린)
d_d004588,제이투호텔,1,11,Y,2022/10/12 0:00,2022/10/13 0:00,3,,에어비앤비,,,,,2022/10/03 12:56,1,86647,개인실.침대3개.게스트3명
d_d002476,(주)호텔신라제주호텔,10,1,,,,5,2038143363,(주)호텔신라,제주특별자치도 서귀포시 중문관광로72번길 75,제주특별자치도 서귀포시 색달동 3039-3,4850763,5013011900,2022/10/02 21:31,1,243750,호텔비
a_a000311,주식회사 파라다이스세가사미,10,1,,,,3,1218618441,주식회사 파라다이스세가사미,인천 중구 영종해안남로321번길 186,인천 중구 운서동 2874,4247199,2811014700,2022/08/27 9:02,1,108000,호텔비
d_d010185,제니빌펜션,0,3,Y,2022/11/02 0:00,2022/11/03 0:00,6,,,제주특별자치도 서귀포시 남원읍 태위로 604-15,제주특별자치도 서귀포시 남원읍 남원리 1373,,,,5,160000,
d_d002513,탐라스테이호텔제주,0,1,Y,2022/10/13 0:00,2022/10/14 0:00,1,,,제주특별자치도 제주시 애월읍 애월해안로 881,제주특별자치도 제주시 애월읍 하귀2리 2732,,,,5,76650,
d_d006648,호텔윈스토리,0,1,N,2022/10/26 0:00,2022/10/28 0:00,2,,,제주특별자치도 서귀포시 중정로 11,제주특별자치도 서귀포시 서귀동 318-17,,,,1,178000,
d_d004328,성게돌펜션,1,11,Y,2022/10/27 0:00,2022/10/28 0:00,1,,에어비앤비,,,,,2022/10/27 0:00,1,65852,개인실.침대1개.게스트2명.반려동물1마리
d_d000478,달이머물다 게스트하우스,1,7,Y,2022/08/24 0:00,2022/08/25 0:00,1,2213308970,제주도게스트하우스파티달이머물다,제주특별자치도 제주시 구좌읍 해맞이해안로 518-38,제주특별자치도 제주시 구좌읍 행원리 1511-3,3349242,5011025627,2022/08/26 12:12,3,25000,여자도미토리6인실A;
d_d002384,제주R호텔,1,1,Y,2022/10/14 0:00,2022/10/15 0:00,1,7428600224,(주)위드이노베이션,서울 강남구 봉은사로 479,,3122004,1168010500,2022/10/14 15:06,1,19900,GU-도미토리(여/5)1층
b_b000836,김녕해수욕장,1,5,N,2022/08/19 0:00,2022/08/20 0:00,5,,김녕해수욕장 야영장,제주특별자치도 제주시 구좌읍 해맞이해안로 9,제주특별자치도 제주시 구좌읍 김녕리 497-4,3349242,5011025634,2022/08/19 0:00,1,86000,
d_d006232,백패커스홈,0,7,Y,2022/10/25 0:00,2022/10/27 0:00,1,,,제주특별자치도 서귀포시 중정로 24,제주특별자치도 서귀포시 서귀동 315-2,,,,1,48000,
d_d006173,괜찮아,0,7,Y,2022/10/15 0:00,2022/10/16 0:00,2,,,제주특별자치도 제주시 구좌읍 해녀박물관길 27,제주특별자치도 제주시 구좌읍 세화리 1-1,,,,1,70000,
d_d004316,금호제주리조트,0,4,Y,2022/10/12 0:00,2022/10/13 0:00,8,,,제주특별자치도 서귀포시 남원읍 태위로 522-12,제주특별자치도 서귀포시 남원읍 남원리 2390,,,,2,119000,
d_d003134,예하게스트하우스 본점,1,7,N,2022/10/20 0:00,2022/10/21 0:00,1,2242032464,예하게스트하우스,제주특별자치도 제주시 삼오길 9,제주특별자치도 제주시 삼도일동 561-17,4847841,5011010500,2022/10/20 20:21,1,18810,
d_d001144,호텔브릿지 서귀포,0,1,Y,2022/09/27 0:00,2022/09/28 0:00,1,,,제주특별자치도 서귀포시 태평로 436,제주특별자치도 서귀포시 서귀동 162-4,,,,4,56000,
d_d001601,제이앤클로이,0,3,Y,2022/09/24 0:00,2022/09/25 0:00,2,,,제주특별자치도 서귀포시 대정읍 무릉중앙로 203,제주특별자치도 서귀포시 대정읍 무릉리 3869-4,,,,1,139000,
d_d006209,바당놀,0,8,Y,2022/10/16 0:00,2022/10/17 0:00,2,,,한림해안로 590,,,,,1,160000,
d_d009459,제주도 게스트하우스 간장남들,10,7,,,,1,,제주도 게스트하우스 간장남들,사계리 2884,,,,,5,25000,숙박비
d_d009925,신신호텔 서귀포점,1,1,Y,2022/10/29 0:00,2022/10/30 0:00,2,2208115770,나이스정보통신㈜,제주특별자치도 서귀포시 태평로371번길 18,제주특별자치도 서귀포시 서귀동 486-1,4850954,5013010100,2022/10/04 0:00,1,38933,SHINSHIN HOTEL SEOGWIPO
d_d005338,제주샹그릴라호텔앤리조트,0,1,Y,2022/10/29 0:00,2022/10/30 0:00,4,,,제주특별자치도 제주시 해안마을북길 14-6,제주특별자치도 제주시 해안동 2101-3,,,,1,124500,
d_d001018,탑스텐빌라드애월 제주,0,1,Y,2022/08/26 0:00,2022/08/28 0:00,2,,,제주특별자치도 제주시 애월읍 애월해안로 516-7,제주특별자치도 제주시 애월읍 신엄리 2768-7,,,,1,26841,
d_d005348,제주오션팰리스,1,1,Y,2022/10/15 0:00,2022/10/16 0:00,2,7428600224,(주)위드이노베이션,서울 강남구 봉은사로 479,,3122004,1168010500,2022/10/15 0:00,3,53500,HO선착순특가늦은퇴실
d_d004346,외돌개나라펜션,1,3,Y,2022/10/22 0:00,2022/10/23 0:00,1,2208742885,(주)야놀자,서울 강남구 테헤란로108길 42,서울 강남구 대치동 1003,4166713,1168010600,2022/10/21 5:34,1,80000,서귀포 외돌게나라펜션
d_d002663,제주신라호텔,1,1,Y,2022/10/01 0:00,2022/10/02 0:00,4,2038143363,(주)호텔신라,제주특별자치도 서귀포시 중문관광로72번길 75,제주특별자치도 서귀포시 색달동 3039-3,4850763,5013011900,2022/10/01 0:00,1,308900,호텔비
d_d005167,붉은오름자연휴양림 숲속야영장,1,5,Y,2022/10/22 0:00,2022/10/23 0:00,1,6168300017,제주특별자치도청/예술인,제주특별자치도 제주시 문연로 6,제주특별자치도 제주시 연동 312-1,3349069,5011013700,2022/09/14 20:43,1,14000,숲속야영장데크11외1건
b_b004557,아르떼리조트,0,4,Y,2022/09/25 0:00,2022/09/26 0:00,5,,,경남 사천시 해안관광로 109-10,경남 사천시 실안동 1265,,,,1,199000,
d_d002348,평대모살코지,1,7,Y,2022/10/12 0:00,2022/10/13 0:00,1,,평대모살코지,제주특별자치도 제주시 구좌읍 평대7길 39-2,제주특별자치도 제주시 구좌읍 평대리 601-1,4848924,5011025633,2022/10/12 0:00,1,45000,게스트하우스
d_d003951,단잠,1,7,Y,2022/10/25 0:00,2022/10/26 0:00,1,,단잠 ,제주특별자치도 제주시 한림읍 귀덕14길 56,,4847259,5011025021,2022/10/25 12:00,1,25000,여성전용 도미토리 4인실
d_d001862,브릭216,0,3,Y,2022/10/19 0:00,2022/10/20 0:00,2,,,제주특별자치도 서귀포시 이어도로 216,제주특별자치도 서귀포시 대포동 2229-1,,,,3,70000,
d_d009000,켄싱턴리조트 제주중문,0,4,Y,2022/10/29 0:00,2022/10/30 0:00,4,,,제주특별자치도 서귀포시 중문관광로72번길 29-29,제주특별자치도 서귀포시 색달동 2822-5,,,,1,57900,
d_d009437,제주솔숲펜션,1,11,Y,2022/11/01 0:00,2022/11/02 0:00,2,,에어비앤비,,,,,2022/11/01 17:53,1,56610,개인실.침대1개.게스트2명
b_b005802,스탠포드호텔앤리조트,1,1,Y,2022/09/30 0:00,2022/10/01 0:00,1,1138521083,엔에이치엔한국사이버결제 주식회사,서울 구로구 디지털로26길 72,서울 구로구 구로동 222-22,4148327,1153010200,2022/09/27 12:48,1,167439,
d_d007150,아름다운리조트,0,4,Y,2022/10/20 0:00,2022/10/21 0:00,5,,,제주특별자치도 서귀포시 성산읍 해맞이해안로 2644,제주특별자치도 서귀포시 성산읍 시흥리 5,,,,5,110000,
d_d000824,라온민박,1,11,Y,2022/08/23 0:00,2022/08/24 0:00,5,,에어비앤비,,,,,2022/08/05 14:17,1,106956,"ORA-DONG, CHEJU(개인실 침대2개,게스트5명,반려동물2마리)"
a_a000710,THE힐링,0,3,Y,2022/08/27 0:00,2022/08/28 0:00,3,,,인천 강화군 삼산면 삼산남로604번길 6-45,인천 강화군 삼산면 매음리 509-1,,,,5,110000,
d_d000122,노블피아,0,1,Y,2022/08/11 0:00,2022/08/13 0:00,2,,,제주특별자치도 서귀포시 명동로 46,제주특별자치도 서귀포시 서귀동 182,,,,1,124000,
d_d006215,더웰테라스,0,4,Y,2022/10/15 0:00,2022/10/17 0:00,4,,,제주특별자치도 서귀포시 천제연로 144,제주특별자치도 서귀포시 중문동 2180,,,,5,60000,
d_d001678,메종글래드제주,10,4,,,,2,6168101370,글래드호텔앤리조트(주),제주특별자치도 제주시 노연로 80,제주특별자치도 제주시 연동 263-15,3349041,5011013700,2022/09/28 21:11,1,22000,리조트비
d_d010444,오션뷰제주 게스트하우스,0,7,Y,2022/10/30 0:00,2022/10/31 0:00,1,,,제주특별자치도 서귀포시 안덕면 난드르로 49-71,제주특별자치도 서귀포시 안덕면 창천리 785-2,,,,1,25000,
d_d006136,라마다프라자 제주호텔,1,1,Y,2022/10/18 0:00,2022/10/19 0:00,4,6168133907,더케이제주호텔㈜,제주특별자치도 제주시 탑동로 66,,3349197,5011010600,2022/10/18 18:48,1,320001,호텔비
d_d000213,오션스위츠 제주호텔,0,1,Y,2022/08/25 0:00,2022/08/28 0:00,4,,,제주특별자치도 제주시 탑동해안로 74,제주특별자치도 제주시 삼도2동 1260-1,,,,,0,
d_d007799,헤르멘하우스,1,4,Y,2022/10/27 0:00,2022/10/29 0:00,9,1138521083,엔에이치엔한국사이버결제 주식회사,서울 구로구 디지털로26길 72,서울 구로구 구로동 222-22,4148327,1153010200,2022/10/06 13:00,1,790000,
d_d006923,휘슬락호텔,1,1,Y,2022/10/26 0:00,2022/10/27 0:00,2,1098543074,휘슬락호텔,제주특별자치도 제주시 서부두2길 26,제주특별자치도 제주시 건입동 1443-2,4847908,5011010700,2022/10/26 17:59,3,115000,
d_d000791,베니키아호텔 제주,0,1,Y,2022/08/24 0:00,2022/08/25 0:00,3,,,제주특별자치도 제주시 애월읍 애월해안로 554-6,제주특별자치도 제주시 애월읍 신엄리 2736-1,,,,1,69564,
d_d002015,제주의시간은느리다,0,7,Y,2022/10/17 0:00,2022/10/18 0:00,2,,,제주특별자치도 제주시 구좌읍 상도로 30-4,제주특별자치도 제주시 구좌읍 상도리 631,,,,3,99000,
d_d000210,롯데호텔 제주,0,1,N,2022/08/26 0:00,2022/08/27 0:00,2,,,제주특별자치도 서귀포시 중문관광로72번길 35,제주특별자치도 서귀포시 색달동 2812-4,,,,,0,
d_d002089,브라운스위트제주 호텔앤리조트,1,1,Y,2022/10/03 0:00,2022/10/04 0:00,2,,브라운스위트제주,제주특별자치도 서귀포시 성산읍 고성오조로 94,,3350018,5013025924,2022/08/30 0:00,1,71000,[단독특가★레이크 체크아웃1시간] 오션 디럭스(오션뷰)
d_d004366,호텔 케니 서귀포,0,1,Y,2022/10/12 0:00,2022/10/14 0:00,3,,,제주특별자치도 서귀포시 동문로 42,제주특별자치도 서귀포시 서귀동 270-9,,,,1,146000,
d_d011721,석류나무 애월 100년 돌집,0,6,Y,2022/11/03 0:00,2022/11/04 0:00,3,,,,,,,,1,165000,
d_d001774,코너스톤호텔,0,1,Y,2022/09/26 0:00,2022/09/28 0:00,2,,,제주특별자치도 서귀포시 정방로 7-10,제주특별자치도 서귀포시 서귀동 192-1,,,,1,36000,
d_d003771,커먼스테이,1,3,Y,2022/10/14 0:00,2022/10/15 0:00,2,7428600224,(주)위드이노베이션,서울 강남구 봉은사로 479,,3122004,1168010500,2022/09/02 0:03,1,95500,PE-시그니쳐 클리프
d_d004100,베스트웨스턴 제주호텔,1,1,Y,2022/10/09 0:00,2022/10/10 0:00,2,6168535000,(주)비지에에치코리아제주시지점,제주특별자치도 제주시 도령로 27,제주특별자치도 제주시 노형동 1295-16,3349052,5011012200,2022/10/09 17:38,1,72000,
d_d003286,도두해수파크,2,11,N,2022/10/21 0:00,2022/10/23 0:00,1,5578802443,(주)삼산,제주특별자치도 제주시 서해안로 236,제주특별자치도 제주시 도두일동 1729,3349093,5011012700,2022/10/22 23:44,1,11000,남 찜질방
d_d000309,제주신라호텔 더파크뷰,10,1,,,,5,,제주신라호텔 더파크뷰,,,,,,1,300000,호텔비
d_d000203,애월게스트하우스 제주에 반하다,1,7,Y,2022/09/03 0:00,2022/09/04 0:00,1,4695800592,제주에반하다,제주특별자치도 제주시 애월읍 어림비로 119,제주특별자치도 제주시 애월읍 봉성리 1729-11,3349133,5011025339,2022/09/03 14:25,1,25000,남성전용 도미토리룸
d_d001801,라만차펜션,0,3,Y,2022/09/29 0:00,2022/09/30 0:00,2,,,제주특별자치도 제주시 한림읍 금능6길 16-5,제주특별자치도 제주시 한림읍 금능리 1466,,,,,0,
b_b000348,포르투나호텔,1,1,Y,2022/08/05 0:00,2022/08/07 0:00,3,2208742885,(주)야놀자,,,,,,3,440000,통영 포르투나 호텔
d_d000546,다노이게스트하우스,0,7,Y,2022/09/02 0:00,2022/09/03 0:00,1,,,제주특별자치도 제주시 구좌읍 동복로 51,제주특별자치도 제주시 구좌읍 동복리 1493-1,,,,5,25000,
d_d000668,호랑이주택,0,7,Y,2022/08/20 0:00,2022/08/21 0:00,1,,,제주특별자치도 제주시 한림읍 명랑남길 17,제주특별자치도 제주시 한림읍 한림리 546-1,,,,1,35000,
d_d009804,캠파제주,0,5,Y,2022/11/05 0:00,2022/11/06 0:00,3,,,제주특별자치도 서귀포시 516로 574-23,제주특별자치도 서귀포시 상효동 1116-1,,,,5,50000,
d_d009394,아모렉스,0,1,Y,2022/10/30 0:00,2022/10/31 0:00,2,,,제주특별자치도 제주시 서해안로 216,제주특별자치도 제주시 도두일동 1742,,,,1,65000,
d_d002389,게스트하우스 산방댁,0,7,Y,2022/10/11 0:00,2022/10/12 0:00,1,,,제주 서귀포시 안덕면 사계신항로 6 산방댁게스트하우스,,,,,5,25000,
d_d002847,아루미호텔,1,1,Y,2022/10/16 0:00,2022/10/17 0:00,2,2208742885,(주)야놀자,서울 강남구 테헤란로108길 42,서울 강남구 대치동 1003,4166713,1168010600,2022/10/03 0:00,1,145000,아루미호텔 중문점
d_d000451,빠레브호텔,0,1,Y,2022/08/20 0:00,2022/08/22 0:00,5,,,제주특별자치도 서귀포시 김정문화로 15,제주특별자치도 서귀포시 강정동 173,,,,1,317000,
c_c003655,헤이븐호텔,3,1,Y,2022/10/16 0:00,2022/10/17 0:00,2,4118601799,토스페이먼츠주식회사,서울 강남구 테헤란로 131,서울 강남구 역삼동 647-9,3122010,1168010100,,,0,
b_b000462,에이스호텔,0,1,Y,2022/08/10 0:00,2022/08/11 0:00,2,,,경남 통영시 장좌로 30,경남 통영시 동호동 339-1,,,,1,70000,
d_d002554,라온제나펜션,0,3,Y,2022/10/18 0:00,2022/10/19 0:00,2,,,제주특별자치도 제주시 한림읍 명재로 62-2,제주특별자치도 제주시 한림읍 협재리 1265-1,,,,1,150000,
d_d000296,봄그리고가을리조트,0,4,Y,2022/08/19 0:00,2022/08/21 0:00,4,,,제주특별자치도 서귀포시 성산읍 해맞이해안로 2660,,,,,5,194800,
d_d000374,라마다제주시티호텔,0,1,Y,2022/08/27 0:00,2022/08/28 0:00,2,,,제주특별자치도 제주시 중앙로 304,제주특별자치도 제주시 이도이동 1025-8,,,,1,144500,
d_d005151,휘닉스제주 오렌지동,1,4,Y,2022/10/15 0:00,2022/10/16 0:00,5,,,,,,,,1,481740,"로얄(34평형),[회원전용]조식뷔페2인"
b_b006208,온달스테이펜션,0,3,Y,2022/10/06 0:00,2022/10/07 0:00,2,,,충북 단양군 영춘면 남천2길 5-11,충북 단양군 영춘면 남천리 503-2,,,,1,80000,
d_d005964,르네상스호텔,0,1,Y,2022/10/20 0:00,2022/10/21 0:00,2,,,제주특별자치도 제주시 서사로14길 1,제주특별자치도 제주시 삼도일동 531,,,,1,26840,
c_c002438,제이미모텔,0,2,Y,2022/09/30 0:00,2022/10/01 0:00,3,,,전남 여수시 충무로 51-1,전남 여수시 충무동 512,,,,5,130000,
d_d000036,썬라이즈호텔 섭지코지점,0,1,Y,2022/08/09 0:00,2022/08/10 0:00,2,,,제주특별자치도 서귀포시 성산읍 신양로 83,제주특별자치도 서귀포시 성산읍 고성리 510-6,,,,1,63900,
d_d010341,파르나스호텔 제주,0,1,N,2022/10/31 0:00,2022/10/31 0:00,2,,,제주특별자치도 서귀포시 중문관광로72번길 100,제주특별자치도 서귀포시 색달동 3039-1,,,,,0,
d_d010523,샨티샨티 게스트하우스,0,7,Y,2022/11/02 0:00,2022/11/03 0:00,1,,,제주특별자치도 제주시 구좌읍 동복로 70-1,제주특별자치도 제주시 구좌읍 동복리 1391,,,,5,27000,
d_d000559,호텔브릿지 서귀포,1,1,Y,2022/08/21 0:00,2022/08/22 0:00,2,2208115770,나이스정보통신㈜,제주특별자치도 서귀포시 태평로 436,제주특별자치도 서귀포시 서귀동 162-1,3350269,5013010100,2022/08/17 0:00,1,52035,HOTEL BRIDGE SEOGWIPO STANDARD DOUBLE
d_d004579,제주부영호텔앤리조트,0,1,Y,2022/10/22 0:00,2022/10/24 0:00,5,,,제주특별자치도 서귀포시 중문관광로 222,제주특별자치도 서귀포시 중문동 2700-2,,,,,0,
d_d001381,호텔리젠트마린,1,1,Y,2022/09/27 0:00,2022/09/28 0:00,2,7428600224,(주)위드이노베이션,서울 강남구 봉은사로 479,,3122004,1168010500,2022/09/06 0:01,1,97900,HO-스탠다드 패밀리 트윈
d_d001015,세종호텔,2,1,Y,2022/08/28 0:00,2022/08/30 0:00,5,7428600224,(주)위드이노베이션,서울 강남구 봉은사로 479,,3122004,1168010500,2022/08/03 0:07,1,47000,MO-제주세종호텔-패밀리
d_d002091,제주마실게스트하우스,0,7,Y,2022/10/02 0:00,2022/10/03 0:00,1,,,제주특별자치도 제주시 서광로2길 11-16,제주특별자치도 제주시 오라일동 2444-34,,,,1,16900,
d_d001606,평대리943 TuCasa,0,7,Y,2022/10/02 0:00,2022/10/03 0:00,1,,,제주특별자치도 제주시 구좌읍 평대10길 48,제주특별자치도 제주시 구좌읍 평대리 943,,,,5,25000,
d_d007567,호텔가온제이스테이,1,1,Y,2022/10/25 0:00,2022/10/27 0:00,1,2208115770,나이스정보통신㈜,,,,,,1,30375,객실1개*2박
d_d010389,서점숙소,0,11,Y,2022/11/05 0:00,2022/11/06 0:00,1,,,제주특별자치도 제주시 조천읍 북촌14길 13-12,제주특별자치도 제주시 조천읍 북촌리 283,,,,1,33000,
d_d001340,마레1440,0,3,Y,2022/09/23 0:00,2022/09/25 0:00,2,,,제주특별자치도 제주시 구좌읍 해맞이해안로 1440,제주특별자치도 제주시 구좌읍 세화리 1479-1,,,,,0,
d_d010578,에이비앤비,1,11,Y,2022/11/04 0:00,2022/11/06 0:00,2,,AIRBNB,제주특별자치도 제주시 한경면 저지2길 23 ,,,,2022/09/25 14:32,1,327542,
d_d000326,호텔퍼블리코,0,1,Y,2022/08/21 0:00,2022/08/22 0:00,2,,,제주특별자치도 서귀포시 신서로48번길 20-9,제주특별자치도 서귀포시 강정동 165-7,,,,1,72700,
c_c000965,청산도게스트하우스,0,7,Y,2022/08/31 0:00,2022/09/02 0:00,1,,,전남 완도군 청산면 지리2길 48-39,전남 완도군 청산면 지리 869,,,,5,75000,
d_d009816,샐리스호텔,10,1,,,,4,,샐리스호텔,고내리46,,,,,3,15000,호텔비
c_c002657,학인당,0,6,Y,2022/09/18 0:00,2022/09/19 0:00,2,,,전북 전주시 완산구 향교길 45,전북 전주시 완산구 교동 105-4,,,,5,374000,
c_c000516,바다펜션,0,3,N,2022/08/20 0:00,2022/08/21 0:00,2,,,전남 완도군 신지면 울몰길 94-14,,,,,3,70000,
d_d001234,주식회사유탑디앤씨유탑유블레스호텔제주,10,1,,,,2,8828500506,주식회사유탑디앤씨유탑유블레스호텔제주,제주특별자치도 제주시 조천읍 조함해안로 502,제주특별자치도 제주시 조천읍 함덕리 1269-9,3349182,5011025924,2022/09/18 7:04,1,18000,호텔비
a_a008642,샤인모텔,1,2,Y,2022/10/22 0:00,2022/10/23 0:00,2,2208742885,(주)야놀자,서울 강남구 테헤란로108길 42,서울 강남구 대치동 1003,4166713,1168010600,2022/10/19 17:49,1,62472,인천(강화도) 샤인 외1건
d_d000956,제주부영호텔앤리조트,0,1,Y,2022/08/23 0:00,2022/08/28 0:00,8,,,제주특별자치도 서귀포시 중문관광로 222,제주특별자치도 서귀포시 중문동 2700-2,,,,1,400000,
d_d002061,더썸펜션,1,3,Y,2022/09/30 0:00,2022/10/01 0:00,2,,더썸펜션,제주특별자치도 서귀포시 성산읍 난고로42번길 110,제주특별자치도 서귀포시 성산읍 고성리 1652-1,4850060,5013025924,2022/09/20 0:00,1,99000,커플룸1
d_d005747,평대다옴,0,3,Y,2022/10/14 0:00,2022/10/16 0:00,2,,,평대13길  7,,,,,5,230000,
d_d002994,흰수염고래리조트,0,4,Y,2022/10/05 0:00,2022/10/06 0:00,4,,,,,,,,1,101700,
d_d009091,호텔케니모슬포,1,1,Y,2022/10/30 0:00,2022/10/31 0:00,2,8878602433,주식회사호텔케니모슬포,제주특별자치도 서귀포시 대정읍 하모중앙로 22,제주특별자치도 서귀포시 대정읍 하모리 1414-1,3350298,5013025022,2022/10/30 18:21,1,53906,호텔비
d_d003212,레몬밤스테이,1,3,Y,2022/10/16 0:00,2022/10/18 0:00,2,,레몬밤 스테이,제주특별자치도 서귀포시 성산읍 난고로34번길 61,제주특별자치도 서귀포시 성산읍 고성리 1673-1,4850059,5013025924,2022/10/16 0:00,1,125000,펜션비
b_b005680,블루힐,1,3,Y,2022/09/30 0:00,2022/10/01 0:00,2,7428600224,(주)위드이노베이션,서울 강남구 봉은사로 479,,3122004,1168010500,2022/09/16 0:00,3,102921,남해블루힐펜션
d_d000672,성산 아쿠아비치호텔,10,1,,,,1,,성산 아쿠아비치호텔,제주특별자치도 서귀포시 성산읍 일주동로 4258,제주특별자치도 서귀포시 성산읍 고성리 1090-16,3349235,5013025924,2022/08/20 23:36,1,44000,호텔비 스탠다드 더블
d_d003455,플레이스캠프제주,1,1,Y,2022/10/13 0:00,2022/10/14 0:00,1,2208155597,(주)케이지이니시스,서울 중구 통일로 92,서울 중구 순화동 1-170,3000008,1114016800,2022/10/11 18:24,1,63990,
d_d001874,아덴힐리조트&골프클럽,1,4,Y,2022/10/19 0:00,2022/10/22 0:00,5,,,,,,,2022/09/27 0:56,1,403042,[단독특전=월컴드링크+스낵]스위트 피치니
d_d000308,용스테이,0,7,Y,2022/08/29 0:00,2022/08/30 0:00,4,,,제주특별자치도 제주시 명주길 3,제주특별자치도 제주시 연동 2510,,,,1,62386,
d_d001353,히든스테이,1,7,Y,2022/09/12 0:00,2022/09/15 0:00,1,,히든스테이,제주특별자치도 서귀포시 성산읍 성산중앙로40번길 12,제주특별자치도 서귀포시 성산읍 성산리 183-1,4850453,5013025921,2022/09/12 0:00,1,164700,스테이 숙박료(1인실 싱글베드)
d_d008070,그리너리빌리지,1,11,Y,2022/10/29 0:00,2022/10/30 0:00,2,,에어비앤비,,,,,2022/10/22 12:36,1,277270,집/아파트전체.침대1개.게스트2명
c_c003337,데일리호텔,0,1,Y,2022/10/02 0:00,2022/10/03 0:00,2,,,전남 여수시 성산3길 21-3,전남 여수시 화장동 796-11,,,,1,120000,
d_d004496,호텔아로하,0,1,Y,2022/10/14 0:00,2022/10/15 0:00,2,,,,,,,,4,88140,
d_d001738,호텔화인 제주,1,1,Y,2022/10/20 0:00,2022/10/22 0:00,3,1248713438,호텔화인(주)신안피앤씨,제주특별자치도 서귀포시 칠십리로 87,,3350263,5013010100,2022/10/20 17:35,1,200000,호텔비
d_d010126,오르다하우스,0,7,Y,2022/11/01 0:00,2022/11/02 0:00,1,,,제주특별자치도 제주시 중앙로 192,제주특별자치도 제주시 이도일동 1789-3,,,,1,25000,
d_d002090,호텔골든데이지 서귀포오션,0,1,Y,2022/10/25 0:00,2022/10/26 0:00,3,,,제주특별자치도 서귀포시 동홍로 7,제주특별자치도 서귀포시 서귀동 255-1,,,,5,60000,
d_d002666,펄호텔 제주,1,1,Y,2022/10/25 0:00,2022/10/26 0:00,1,2208115770,나이스정보통신㈜,,,,,2022/10/25 0:00,1,52200,PEARL HOTEL JEJU
d_d001485,레프트핸더 게스트하우스,0,7,Y,2022/09/17 0:00,2022/09/19 0:00,1,,,제주특별자치도 제주시 구좌읍 상도북2길 17-12,제주특별자치도 제주시 구좌읍 상도리 471-25,,,,3,60000,
d_d003125,루체빌,0,1,Y,2022/11/01 0:00,2022/11/02 0:00,3,,,제주특별자치도 서귀포시 안덕면 산록남로 786,제주특별자치도 서귀포시 안덕면 상천리 산 78-1,,,,1,150000,
d_d010126,하늘조각휴양펜션,0,3,Y,2022/10/31 0:00,2022/11/01 0:00,1,,,제주특별자치도 서귀포시 안덕면 사계북로 75,제주특별자치도 서귀포시 안덕면 사계리 2880-1,,,,1,39000,
d_d000172,리하우스,0,3,Y,2022/08/16 0:00,2022/08/17 0:00,2,,,제주특별자치도 서귀포시 성산읍 서성일로747번길 8,제주특별자치도 서귀포시 성산읍 수산리 2543-1,,,,5,100000,
d_d005999,소노캄 제주,2,4,Y,2022/10/19 0:00,2022/10/20 0:00,4,,SONO HOTELS&RESORTS,서울 송파구 법원로 135,서울 송파구 문정동 641-3,3350849,1171010800,2022/10/19 12:02,1,22000,스위트(럭셔리/취사)
d_d006863,통나무파크,0,3,Y,2022/10/23 0:00,2022/10/24 0:00,1,,,제주특별자치도 제주시 애월읍 도치돌길 293,제주특별자치도 제주시 애월읍 납읍리 102,,,,,0,
d_d003050,랜딩관 제주신화월드호텔앤리조트,1,1,Y,2022/10/06 0:00,2022/10/08 0:00,3,1938700341,주식회사플레이스토리,서울 강남구 언주로 415,서울 강남구 역삼동 721-37,3005086,1168010100,2022/08/24 20:45,1,399000,제주신화월드2박 올인클루시브 패키지(랜딩관/신화관)
d_d000776,제주웨스턴그레이스 강정점,0,1,Y,2022/09/01 0:00,2022/09/03 0:00,2,,,제주특별자치도 서귀포시 김정문화로27번길 9-7,제주특별자치도 서귀포시 강정동 173-1,,,,4,129920,
d_d000416,스타즈호텔 제주 로베로,10,1,,,,2,,스타즈호텔 제주 로베로,제주특별자치도 제주시 관덕로 26,제주특별자치도 제주시 삼도이동 57-2,3349016,5011010600,2022/08/27 8:22,1,42900,호텔비
d_d004464,베스트웨스턴 제주,0,1,Y,2022/10/15 0:00,2022/10/16 0:00,2,,,노형동 1295-16,,,,,1,99000,
d_d002288,호텔앨리스&트렁크,1,1,Y,2022/10/11 0:00,2022/10/12 0:00,2,,호텔 앨리스 앤 트렁크,제주특별자치도 제주시 연동12길 4,제주특별자치도 제주시 연동 284-9,4848251,5011013700,2022/10/09 0:00,1,85000,[회원사전용]스탠다드 트윈.기준/최대인원:2명/2명
c_c005613,반디하우스,0,3,Y,2022/11/04 0:00,2022/11/06 0:00,2,,,제주특별자치도 제주시 한경면 청수동4길 106,제주특별자치도 제주시 한경면 청수리 303-1,,,,3,630000,
d_d003456,에코랜드호텔,0,1,Y,2022/10/11 0:00,2022/10/12 0:00,2,,,제주특별자치도 제주시 조천읍 남조로 1982,제주특별자치도 제주시 조천읍 교래리 385-1,,,,1,210000,
d_d001693,미소담민박,1,3,Y,2022/10/01 0:00,2022/10/03 0:00,4,,AIRBNB,,,,,2022/10/01 16:00,1,277270,제주 미소담 펜션
b_b002597,모텔묵다,1,2,Y,2022/08/27 0:00,2022/08/28 0:00,1,1018190575,(주)현대이지웰,서울 서대문구 충정로 23,서울 서대문구 충정로3가 470,3112011,1141010200,2022/08/20 0:00,1,35000,"통영묵다;한실B,기준/최대인원:1명/1명,"
d_d002028,꼬뜨도르호텔,1,1,Y,2022/10/22 0:00,2022/10/23 0:00,1,2208742885,(주)야놀자,서울 강남구 테헤란로108길 42,서울 강남구 대치동 1003,4166713,1168010600,2022/10/04 0:01,1,47000,꼬뜨도르 호텔제주
d_d000196,메르블루호텔,0,1,Y,2022/08/22 0:00,2022/08/25 0:00,1,,,제주특별자치도 제주시 서해안로 368,제주특별자치도 제주시 도두이동 680,,,,1,409920,
d_d001665,중문운정이네,10,11,,,,6,5300100100,중문운정이네,제주특별자치도 서귀포시 중산간서로 726,제주특별자치도 서귀포시 중문동 1239-5,3349239,5013011200,2022/10/02 11:46,3,257450,숙박비
d_d000827,선경오피스텔,0,11,Y,2022/08/20 0:00,2022/08/21 0:00,1,,,제주특별자치도 서귀포시 중정로 123,제주특별자치도 서귀포시 서귀동 251-1,,,,,0,
d_d009294,위드유펜션,2,3,Y,2022/11/03 0:00,2022/11/04 0:00,2,,제주 위드유 펜션,제주특별자치도 제주시 애월읍 곽납로 38,제주특별자치도 제주시 애월읍 곽지리 838,3349014,5011025337,2022/10/08 16:15,1,180000,펜션비
d_d000328,빌라노이제주,1,3,Y,2022/09/02 0:00,2022/09/04 0:00,2,2208183676,㈜이베이코리아,서울 강남구 테헤란로 152,서울 강남구 역삼동 737,3122010,1168010100,2022/07/20 0:00,1,372500,빌라노이제주 펜션 숙박비
d_d001811,블랑드오조,0,8,Y,2022/10/09 0:00,2022/10/10 0:00,2,,,제주특별자치도 서귀포시 성산읍 오조로80번길 18,제주특별자치도 서귀포시 성산읍 오조리 231,,,,1,87161,
d_d007548,르페도라펜션,0,3,Y,2022/10/29 0:00,2022/10/31 0:00,1,,,제주특별자치도 서귀포시 남원읍 신례중앙로 6,,,,,1,175500,
b_b002113,호텔본,0,1,Y,2022/08/21 0:00,2022/08/21 0:00,2,,,경남 통영시 광도면 죽림5로 25-53,경남 통영시 광도면 죽림리 1571-37,,,,1,28000,
b_b003797,남해라운지32,0,4,Y,2022/09/24 0:00,2022/09/25 0:00,4,,,경남 남해군 남면 남서대로 539,경남 남해군 남면 당항리 32,,,,4,123200,
d_d006661,물고기나무 게스트하우스,0,7,Y,2022/10/29 0:00,2022/10/30 0:00,2,,,제주특별자치도 서귀포시 성산읍 중산간동로 4204-14,제주특별자치도 서귀포시 성산읍 삼달리 1037,,,,,0,
d_d000105,히든클리프호텔&네이쳐,0,1,Y,2022/08/22 0:00,2022/08/23 0:00,1,,,제주특별자치도 서귀포시 예래해안로 542,제주특별자치도 서귀포시 상예동 625,,,,1,298000,
a_a004572,여흥도시계 펜션,0,3,Y,2022/09/29 0:00,2022/09/30 0:00,3,,,인천 옹진군 영흥면 영흥북로 321-50,인천 옹진군 영흥면 내리 622-7,,,,,0,
d_d001207,김군빌리지게스트하우스,0,7,Y,2022/09/14 0:00,2022/09/15 0:00,1,,,제주특별자치도 제주시 어영길 1-1,,,,,4,25000,
c_c003064,헤이븐호텔,0,1,Y,2022/09/23 0:00,2022/09/25 0:00,2,,,전남 여수시 돌산읍 진두해안길 131,전남 여수시 돌산읍 우두리 757,,,,1,315885,
d_d010344,퓨어스테이오션,1,1,Y,2022/11/03 0:00,2022/11/04 0:00,2,2208742885,(주)야놀자,,,,,2022/10/28 20:12,3,59900,제주 퓨어스테이 오션(공항)
d_d000870,솔펜션,0,3,Y,2022/08/29 0:00,2022/08/31 0:00,3,,,제주특별자치도 제주시 구좌읍 해맞이해안로 2478,제주특별자치도 제주시 구좌읍 종달리 722,,,,1,207000,
a_a001424,연화문호텔,0,1,Y,2022/09/06 0:00,2022/09/07 0:00,1,,,인천 중구 용유서로304번길 12,인천 중구 을왕동 749,,,,1,148000,
d_d004710,제주디아일랜드블루호텔,1,1,Y,2022/10/24 0:00,2022/10/25 0:00,2,1208705713,세안에이앤에이주식회사,서울 송파구 송이로30길 13,서울 송파구 문정동 107-2,4169312,1171010800,2022/10/13 9:49,1,61555,아일랜드더블
d_d000583,메종글래드제주,0,1,Y,2022/08/30 0:00,2022/08/31 0:00,2,,,제주특별자치도 제주시 노연로 80,제주특별자치도 제주시 연동 263-15,,,,1,191400,
d_d008024,제주휴펜션,1,11,Y,2022/10/29 0:00,2022/10/30 0:00,2,,에어비앤비,,,,,2022/10/25 0:00,1,53143,집/아파트 전체.침대 1개.게스트 2명
d_d002375,메종글래드제주,10,1,,,,1,6168101370,글래드호텔앤리조트(주),제주특별자치도 제주시 노연로 80,제주특별자치도 제주시 연동 263-15,3349041,5011013700,2022/10/26 16:15,1,178000,호텔비
d_d007816,활엽수게스트하우스,0,7,Y,2022/10/27 0:00,2022/10/28 0:00,1,,,제주특별자치도 서귀포시 대정읍 상모대서로20번길 44,제주특별자치도 서귀포시 대정읍 상모리 3134-2,,,,2,50000,
d_d002845,스타즈호텔 제주로베로,1,1,Y,2022/10/12 0:00,2022/10/13 0:00,2,7788600179,(주)트립비토즈,서울 마포구 백범로31길 21,,4139241,1144010200,2022/09/14 21:37,1,48450,스타즈호텔 제주로베로
d_d000660,호랑이주택,0,7,Y,2022/09/02 0:00,2022/09/04 0:00,1,,,제주특별자치도 제주시 한림읍 명랑남길 17,제주특별자치도 제주시 한림읍 한림리 546-1,,,,4,50000,
d_d009371,롯데호텔제주,10,1,,,,2,6168510620,롯데호텔제주,제주특별자치도 서귀포시 중문관광로72번길 35,제주특별자치도 서귀포시 색달동 2812-4,4850763,5013011900,2022/10/29 17:53,1,140000,호텔비
d_d005001,제주금강산콘도,0,4,Y,2022/10/09 0:00,2022/10/10 0:00,4,,,제주특별자치도 제주시 한림읍 협재로 210-18,제주특별자치도 제주시 한림읍 협재리 929-1,,,,1,72178,
d_d002456,팜파스호텔 제주,2,1,Y,2022/10/17 0:00,2022/10/18 0:00,2,2208742885,(주)야놀자,서울 강남구 테헤란로108길 42,서울 강남구 대치동 1003,4166713,1168010600,2022/10/10 10:42,1,57150,팜파스호텔 제주
d_d006300,다인오세아노호텔,1,1,Y,2022/10/22 0:00,2022/10/24 0:00,2,2208115770,나이스정보통신㈜,,,,,,1,364916,객실1개*2박
d_d001059,미친게스트하우스,10,7,,,,1,,미친게스트하우스,,,,,,4,,숙박비
d_d000770,언니네시골집,0,11,Y,2022/08/28 0:00,2022/08/30 0:00,1,,,제주특별자치도 제주시 한경면 용수3길 38,제주특별자치도 제주시 한경면 용수리 4143-1,,,,5,60000,
d_d002134,노블피아,0,1,Y,2022/10/13 0:00,2022/10/14 0:00,4,,,제주특별자치도 서귀포시 명동로 46,,,,,1,144000,
d_d009831,호텔탑아일랜드,0,1,Y,2022/11/01 0:00,2022/11/02 0:00,1,,,제주특별자치도 제주시 용남1길 47,제주특별자치도 제주시 용담일동 264-5,,,,5,42000,
d_d002005,더오젠호텔,0,1,N,2022/10/03 0:00,2022/10/04 0:00,2,,,제주특별자치도 제주시 동광로23길 3,제주특별자치도 제주시 일도이동 323-4,,,,1,60000,
d_d001361,이스턴호텔 제주,1,1,Y,2022/09/24 0:00,2022/09/26 0:00,2,,NS홈쇼핑,,,,,2022/08/25 0:00,1,71620,이스턴호텔제주2박숙박이용권
d_d000355,게으른소나기,0,7,Y,2022/08/20 0:00,2022/08/23 0:00,1,,,제주특별자치도 제주시 구좌읍 계룡길 45-6,제주특별자치도 제주시 구좌읍 한동리 1287-4,,,,5,150000,
d_d006064,엠스테이호텔 제주,1,1,Y,2022/10/22 0:00,2022/10/23 0:00,2,,제주 엠스테이,제주특별자치도 서귀포시 태평로353번길 14,,4850953,5013010100,2022/10/17 22:48,,0,
d_d000244,월정리썬시티 게스트하우스,1,7,Y,2022/08/20 0:00,2022/08/21 0:00,2,5010754634,제주도게스크하우스파티월정리썬시티,제주특별자치도 제주시 구좌읍 월정5길 33,,4848562,5011025626,2022/07/05 20:49,1,70000,더블룸(1~2인 단독사용)
b_b000708,캐슬529키즈풀빌라,1,3,Y,2022/08/24 0:00,2022/08/25 0:00,3,7428600224,(주)위드이노베이션,서울 강남구 봉은사로 479,,3122004,1168010500,2022/08/24 0:00,1,548200,펜션비
c_c007579,노을마루펜션,0,3,Y,2022/10/16 0:00,2022/10/17 0:00,2,,,전남 여수시 돌산읍 평사로 379,전남 여수시 돌산읍 평사리 1009-1,,,,,0,
d_d004817,유어스호텔,1,1,Y,2022/10/28 0:00,2022/10/29 0:00,2,,부킹닷컴,,,,,2022/10/22 0:00,1,68935,AMSTERDAM 여행 
d_d004827,홍스랜드,1,3,Y,2022/10/15 0:00,2022/10/16 0:00,3,5248601528,네이버파이낸셜 주식회사,경기 성남시 분당구 정자일로 95,경기 성남시 분당구 정자동 178-4,3180021,4113510300,2022/10/07 0:00,1,107070,301동
d_d002965,신화관 제주신화월드호텔앤리조트,2,1,Y,2022/10/22 0:00,2022/10/23 0:00,4,,제주신화월드,제주특별자치도 서귀포시 안덕면 신화역사로304번길 38,,4852219,5013031027,2022/10/11 11:20,1,215000,호텔비 디럭스 패밀리트윈
d_d002643,더오크라호텔,0,1,Y,2022/10/16 0:00,2022/10/17 0:00,1,,,제주특별자치도 제주시 신광로4길 38,제주특별자치도 제주시 연동 251-41,,,,1,15000,
d_d002895,수월이펜션,10,3,,,,3,,수월이펜션,추사로 38번길 96 추가인원 금액,,,,,5,10000,펜션비
d_d002379,호텔스카브로,0,1,Y,2022/10/05 0:00,2022/10/06 0:00,3,,,제주특별자치도 서귀포시 예래해안로 15,제주특별자치도 서귀포시 하예동 1793,,,,1,116500,
d_d004529,윈스카이호텔,1,1,Y,2022/10/20 0:00,2022/10/21 0:00,1,2158641873,(주)메이트아이,서울 구로구 디지털로26길 111,서울 구로구 구로동 222-3,4148327,1153010200,2022/10/20 17:40,1,52000,호텔비
d_d002256,모이모이펜션,0,3,Y,2022/10/18 0:00,2022/10/19 0:00,2,,,제주특별자치도 제주시 한림읍 귀덕8길 39,제주특별자치도 제주시 한림읍 귀덕리 2900-1,,,,1,90000,
d_d000892,씨오르리조트,1,4,Y,2022/09/02 0:00,2022/09/04 0:00,3,,씨오르리조트,제주특별자치도 서귀포시 이어도로 989,제주특별자치도 서귀포시 법환동 87-1,3350237,5013010200,2022/09/02 0:00,1,212520,[8%할인]제주 리조트 씨오르 리조트(구 신성리조트) 스튜디오-클린형
d_d007396,신화관 제주신화월드 스카이풀,0,1,Y,2022/10/23 0:00,2022/10/23 0:00,2,,,제주특별자치도 서귀포시 안덕면 신화역사로304번길 38,제주특별자치도 서귀포시 안덕면 서광리 산 24,,,,,0,
a_a012239,파라다이스시티,0,1,Y,2022/10/26 0:00,2022/10/27 0:00,3,,,인천 중구 영종해안남로321번길 186,인천 중구 운서동 2874,,,,,0,
d_d006018,표선카라반,0,5,Y,2022/10/14 0:00,2022/10/15 0:00,2,,,표선백사로 176,,,,,5,100000,
d_d001038,인덱스 제이드림호텔,0,1,N,2022/09/01 0:00,2022/09/03 0:00,2,,,제주특별자치도 제주시 은남1길 40,제주특별자치도 제주시 연동 272-26,,,,1,43110,
d_d002565,섬스튜디오,1,11,Y,2022/10/29 0:00,2022/10/30 0:00,2,,에어비앤비,,,,,2022/10/10 11:31,1,161741,집전체 .침대1개 게스트2명
d_d000084,호텔에어시티제주,0,1,Y,2022/08/15 0:00,2022/08/16 0:00,8,,,제주특별자치도 제주시 삼무로 56,제주특별자치도 제주시 연동 282-3,,,,1,300000,
d_d009969,서문레지던스,0,1,Y,2022/10/31 0:00,2022/11/02 0:00,3,,,제주특별자치도 제주시 서문로4길 16-8,제주특별자치도 제주시 용담일동 137-4,,,,1,180000,
d_d004600,더포그레이스호텔앤리조트,1,1,Y,2022/10/20 0:00,2022/10/21 0:00,2,2208742885,(주)야놀자,서울 강남구 테헤란로108길 42,서울 강남구 대치동 1003,4166713,1168010600,2022/10/03 11:14,1,71100,더 포 그레이스 리조트
d_d001705,바다다펜션,1,3,Y,2022/09/28 0:00,2022/09/29 0:00,2,,바다다민박,,,,,2022/09/04 0:00,1,115000,1층 커플룸102호
a_a000159,카라반랜드,0,11,Y,2022/08/13 0:00,2022/08/15 0:00,4,,,경기 안산시 단원구 수영목길 27-75,경기 안산시 단원구 대부남동 31-42,,,,1,320000,
a_a002405,꿈의궁전펜션,0,3,Y,2022/09/18 0:00,2022/09/19 0:00,3,,,인천 옹진군 영흥면 영흥서로 475-11,인천 옹진군 영흥면 내리 1329-7,,,,3,60000,
d_d002457,바람이쉬어가는집,0,3,Y,2022/10/10 0:00,2022/10/11 0:00,5,,,제주특별자치도 제주시 한림읍 협재2길 37-1,제주특별자치도 제주시 한림읍 협재리 2011,,,,1,375000,
d_d001354,HAEVICH HOTEL & RESORT JEJU,10,1,,,,1,6168127929,해비치호텔앤드리조트㈜,제주특별자치도 서귀포시 표선면 민속해안로 537,,3350090,5013032021,2022/09/12 10:14,1,15750,리조트비
d_d000345,글래즈하임호텔,2,1,Y,2022/08/21 0:00,2022/08/22 0:00,2,5278800686,주식회사 카카오페이,경기 성남시 분당구 판교역로 152,경기 성남시 분당구 백현동 537,3179025,4113511000,2022/07/27 1:48,1,81000,숙박비
d_d000181,서머셋 제주신화월드,0,4,Y,2022/08/18 0:00,2022/08/21 0:00,14,,,제주특별자치도 서귀포시 안덕면 신화역사로304번길 89,제주특별자치도 서귀포시 안덕면 서광리 산 24-15,,,,5,37800,
d_d006167,비양도 캠핑장,0,5,N,2022/10/15 0:00,2022/10/16 0:00,1,,,,제주특별자치도 제주시 우도면 연평리,,,,,0,
c_c002769,라마다프라자바이윈덤 여수,1,1,Y,2022/09/25 0:00,2022/09/26 0:00,2,7428600224,(주)위드이노베이션,서울 강남구 봉은사로 479,,3122004,1168010500,2022/08/11 10:00,1,145975,HO-(조식 2인 패키지)
d_d001540,엠버호텔 제주,1,1,Y,2022/09/25 0:00,2022/09/26 0:00,1,6168602786,주식회사엠버서더,제주특별자치도 제주시 삼무로 12,제주특별자치도 제주시 연동 251-1,3349083,5011013700,2022/09/25 15:55,1,70000,
d_d000226,하도야비어.하도야베드민박,10,8,,,,2,,하도야비어.하도야베드민박,세종로 285 1층,,,,,1,22000,민박비
d_d001115,켄싱턴리조트 서귀포,0,4,Y,2022/09/10 0:00,2022/09/11 0:00,3,,,제주특별자치도 서귀포시 이어도로 684,제주특별자치도 서귀포시 강정동 2677,,,,1,279000,
d_d009361,롯데호텔 제주,0,1,N,2022/10/31 0:00,2022/11/01 0:00,3,,,제주특별자치도 서귀포시 중문관광로72번길 35,제주특별자치도 서귀포시 색달동 2812-4,,,,1,318835,
d_d000126,제주웨스턴그레이스 강정점,0,1,Y,2022/08/10 0:00,2022/08/11 0:00,1,,,제주특별자치도 서귀포시 김정문화로27번길 9-7,제주특별자치도 서귀포시 강정동 173-1,,,,1,40500,
d_d001748,제주로와게스트하우스,0,7,Y,2022/09/25 0:00,2022/09/26 0:00,1,,,제주특별자치도 제주시 제원길 16,제주특별자치도 제주시 연동 261-60,,,,3,25000,
d_d002933,돌담에꽃머무는집,1,7,Y,2022/10/07 0:00,2022/10/08 0:00,2,7428600224,(주)위드이노베이션,서울 강남구 봉은사로 479,서울 강남구 삼성동 51-2,3122004,1168010500,2022/10/05 16:39,1,204000,제주 돌담에 꽃 머무는집
d_d010310,백패커스빌라,0,3,Y,2022/11/01 0:00,2022/11/03 0:00,2,,,제주특별자치도 제주시 한경면 용수3길 21-1,제주특별자치도 제주시 한경면 용수리 4245-1,,,,5,100000,
d_d002756,제주노블레스관광호텔,0,1,N,2022/10/02 0:00,2022/10/04 0:00,2,,,제주특별자치도 제주시 월성로4길 19,제주특별자치도 제주시 용담이동 2761,,,,,0,
d_d007057,빌림,0,8,Y,2022/10/22 0:00,2022/10/24 0:00,2,,,제주특별자치도 제주시 오래물길 23,제주특별자치도 제주시 도두일동 2489-2,,,,2,350000,
d_d002456,제주지방해양경찰청 수련원,1,11,Y,2022/10/16 0:00,2022/10/17 0:00,2,6168307193,제주지방해양경찰청(제주수련원),제주특별자치도 서귀포시 표선면 중산간동로 4821,제주특별자치도 서귀포시 표선면 성읍리 1332-2,3349238,5013032023,2022/10/16 18:21,1,10000,
d_d003529,쉼그대머물다,1,8,Y,2022/10/12 0:00,2022/10/13 0:00,1,1041354924,쉼민박,제주특별자치도 제주시 한림읍 비양도길 274-2,제주특별자치도 제주시 한림읍 협재리 2919,4849209,5011025031,2022/10/12 0:00,3,60000,숙박비
d_d001006,아름다운리조트,0,4,N,2022/09/01 0:00,2022/09/02 0:00,2,,,제주특별자치도 서귀포시 성산읍 해맞이해안로 2644,제주특별자치도 서귀포시 성산읍 시흥리 5,,,,1,50000,
d_d001299,바다다캠핑장,1,5,Y,2022/09/23 0:00,2022/09/25 0:00,2,2461901382,바다다캠핑장,인천 강화군 화도면 해안남로 2739-36,,3157038,2871034021,2022/09/23 16:46,3,120000,
d_d000806,쉼표펜션,0,3,Y,2022/09/05 0:00,2022/09/06 0:00,2,,,제주특별자치도 제주시 서해안로 504,제주특별자치도 제주시 용담삼동 2319-6,,,,1,58300,
d_d000546,제주좋은날,0,7,Y,2022/08/31 0:00,2022/09/02 0:00,1,,,제주특별자치도 제주시 애월읍 천덕로 33-5,제주특별자치도 제주시 애월읍 곽지리 1903,,,,5,50000,
d_d010232,해비치호텔앤드리조트 제주,1,1,Y,2022/11/01 0:00,2022/11/02 0:00,4,2208115770,나이스정보통신㈜,,,,,2022/10/27 0:00,1,261360,HAEVICHI HOTEL & RESORT JEJU
d_d000248,신신호텔 천지연,1,1,Y,2022/08/21 0:00,2022/08/22 0:00,4,1512401114,신신호텔천지연,제주특별자치도 서귀포시 서문로 42-1,제주특별자치도 서귀포시 서귀동 325-1,3350343,5013010100,2022/08/21 17:06,1,116196,호텔비
d_d003304,달휴게스트하우스,1,7,Y,2022/10/06 0:00,2022/10/07 0:00,1,6163102597,달휴,제주특별자치도 서귀포시 성산읍 온평애향로23번길 25,제주특별자치도 서귀포시 성산읍 온평리 829-1,4850645,5013025926,2022/10/07 8:54,3,39000,
c_c000775,독도펜션,0,3,Y,2022/08/20 0:00,2022/08/21 0:00,4,,,충남 태안군 안면읍 가락금길 180-34,충남 태안군 안면읍 정당리 193-40,,,,5,260000,
d_d004780,물고기자리게스트하우스,0,7,Y,2022/10/21 0:00,2022/10/22 0:00,2,,,제주특별자치도 제주시 애월읍 고내로9길 41,제주특별자치도 제주시 애월읍 고내리 1117,,,,5,45000,
d_d001628,어반아일랜드호텔,1,1,Y,2022/09/24 0:00,2022/09/25 0:00,1,2208115770,나이스정보통신㈜,,,,,2022/09/24 0:00,1,62041,어반 아일랜드 호텔
d_d009574,어반아일랜드호텔,0,1,Y,2022/11/01 0:00,2022/11/03 0:00,2,,,제주특별자치도 제주시 삼무로 76,제주특별자치도 제주시 연동 292-27,,,,1,126000,
d_d001285,우도모닝펜션,0,3,Y,2022/09/24 0:00,2022/09/25 0:00,1,,,,,,,,1,200000,
d_d008211,신신호텔 제주공항점,0,1,Y,2022/10/30 0:00,2022/11/02 0:00,2,,,제주특별자치도 제주시 도령로 124,제주특별자치도 제주시 연동 270-2,,,,1,108937,
d_d009921,기린빌라리조트,0,4,Y,2022/11/03 0:00,2022/11/05 0:00,5,,,제주특별자치도 서귀포시 남원읍 서성로 427-1,제주특별자치도 서귀포시 남원읍 위미리 4628,,,,4,504000,
d_d001520,한화리조트 제주,0,4,Y,2022/09/25 0:00,2022/09/26 0:00,1,,,제주특별자치도 제주시 명림로 575-107,제주특별자치도 제주시 회천동 3-16,,,,,0,
d_d001208,제주오션팰리스,0,1,Y,2022/09/18 0:00,2022/09/20 0:00,4,,,제주특별자치도 서귀포시 중앙로 14,제주특별자치도 서귀포시 서귀동 494,,,,1,155520,
d_d002742,1미리게스트하우스,0,7,Y,2022/10/06 0:00,2022/10/07 0:00,1,,,제주특별자치도 제주시 한림읍 협재6길 22-4,제주특별자치도 제주시 한림읍 협재리 1763-3,,,,5,35000,
d_d002026,소노벨 제주,0,4,Y,2022/10/27 0:00,2022/10/28 0:00,2,,,제주특별자치도 제주시 조천읍 신북로 577,제주특별자치도 제주시 조천읍 함덕리 274,,,,,0,
d_d001301,스쿠버스토리 &게스트하우스,1,7,Y,2022/09/12 0:00,2022/09/15 0:00,1,6162794839,스쿠버스토리,제주특별자치도 서귀포시 태평로536번길 17,제주특별자치도 서귀포시 동홍동 192-39,4850964,5013010500,2022/09/15 11:30,1,500000,
d_d002976,엠스테이호텔 제주,0,1,Y,2022/10/16 0:00,2022/10/17 0:00,3,,,제주특별자치도 서귀포시 태평로353번길 14,제주특별자치도 서귀포시 서귀동 829-5,,,,,0,
d_d007901,애월더선셋리조트,0,4,Y,2022/10/27 0:00,2022/10/28 0:00,2,,,제주특별자치도 제주시 애월읍 일주서로 6111,제주특별자치도 제주시 애월읍 곽지리 1381,,,,1,360000,
d_d009259,제주 제주시 구좌읍 상도로,1,11,Y,2022/11/04 0:00,2022/11/05 0:00,4,,에어비앤비,,,,,2022/10/22 15:49,1,173295,집/아파트 전체. 침대2개 .게스트 4명
d_d010315,오름게스트하우스,0,7,Y,2022/11/02 0:00,2022/11/03 0:00,3,,,제주특별자치도 제주시 구좌읍 충렬로 147-19,,,,,5,156000,
d_d002271,제이투패밀리호텔,0,1,Y,2022/10/20 0:00,2022/10/21 0:00,5,,,,,,,,1,117000,
d_d001665,제주하늬바람펜션,0,3,Y,2022/10/02 0:00,2022/10/03 0:00,6,,,제주특별자치도 제주시 애월읍 신상로 258,제주특별자치도 제주시 애월읍 하가리 120-49,,,,1,146842,
d_d005992,블루마운틴호텔,1,1,Y,2022/10/15 0:00,2022/10/16 0:00,2,2208742885,(주)야놀자,서울 강남구 테헤란로108길 42,서울 강남구 대치동 1003,4166713,1168010600,2022/10/13 16:00,1,62000,서귀포(성산)블루마운틴
d_d010383,애월코스트34,0,3,Y,2022/11/04 0:00,2022/11/05 0:00,2,,,제주특별자치도 제주시 애월읍 신엄안2길 34,제주특별자치도 제주시 애월읍 신엄리 1135-5,,,,4,49290,
d_d002478,베스트웨스턴 제주호텔,1,1,Y,2022/10/06 0:00,2022/10/07 0:00,4,8248102515,주식회사인터파크,서울 강남구 삼성로 512,,3122005,1168010500,2022/09/02 0:00,1,105741,베스트웨스턴 제주
d_d001821,제주스테이인성산,0,4,Y,2022/10/02 0:00,2022/10/03 0:00,2,,,제주특별자치도 서귀포시 성산읍 신고로 11,제주특별자치도 서귀포시 성산읍 고성리 496-2,,,,1,59000,
b_b008495,까사드발리,0,4,Y,2022/10/23 0:00,2022/10/24 0:00,4,,,경남 남해군 미조면 미송로 341-12,경남 남해군 미조면 송정리 1030,,,,5,800000,
d_d007798,휘슬락호텔,0,1,Y,2022/10/26 0:00,2022/10/28 0:00,1,,,제주특별자치도 제주시 서부두2길 26,제주특별자치도 제주시 건입동 1443-2,,,,1,200000,
d_d001060,메종글래드 제주,10,1,,,,2,,메종글래드 제주,메종글래드 제주,,,,,1,30000,호텔비
a_a002615,거잠포선착장,1,11,Y,2022/09/24 0:00,2022/09/24 0:00,2,2071793919,어부네,인천 중구 잠진도길 24,,4247326,2811015100,2022/09/24 19:45,1,144000,
d_d005410,호텔엘린,1,1,Y,2022/10/12 0:00,2022/10/13 0:00,2,6168225608,엘린,제주특별자치도 제주시 은남1길 4,제주특별자치도 제주시 연동 292-32,4848590,5011013700,2022/10/12 21:36,1,49500,
d_d003592,샨티샨티 게스트하우스,1,11,Y,2022/10/16 0:00,2022/10/17 0:00,2,,AIRBNB*HMW4BRXSWP,,,,,2022/10/14 1:21,1,68086,
d_d002591,롯데시티호텔 제주,10,1,,,,1,6168533074,롯데시티호텔(실내주차장),제주특별자치도 제주시 도령로 83,,3349052,5011013700,2022/10/02 13:59,1,19500,호텔비
d_d007169,하버호텔,0,1,Y,2022/10/26 0:00,2022/10/30 0:00,1,,,제주특별자치도 제주시 임항로 260,제주특별자치도 제주시 건입동 1037-1,,,,1,169227,
d_d004661,스테이1미터,2,11,Y,2022/10/17 0:00,2022/10/19 0:00,4,6768700055,주식회사스테이폴리오,서울 종로구 자하문로9길 24,,4100304,1111010800,2022/07/26 0:45,1,900000,STAYFOLIO-스테이1미터
d_d010344,제주락,1,8,Y,2022/11/01 0:00,2022/11/03 0:00,2,8245200666,제주락,제주특별자치도 서귀포시 월드컵로 203,제주특별자치도 서귀포시 법환동 1540,3350224,5013010200,2022/10/24 19:54,1,220000,
a_a001929,W모텔,1,2,Y,2022/09/09 0:00,2022/09/10 0:00,2,,인천(강화도)W호텔,인천 강화군 길상면 해안남로 13-15,인천 강화군 길상면 초지리 1251-426,3157038,2871033024,2022/09/06 0:00,1,46500,
d_d000920,더스테이센추리호텔,0,1,Y,2022/08/24 0:00,2022/08/26 0:00,5,,,제주특별자치도 제주시 애월읍 일주서로 7113,제주특별자치도 제주시 애월읍 하귀1리 544-2,,,,1,155800,
d_d001485,소담소담 게스트하우스,0,7,Y,2022/09/20 0:00,2022/09/21 0:00,1,,,제주특별자치도 제주시 흥운길 63-4,제주특별자치도 제주시 용담이동 464-12,,,,5,23000,
d_d002262,올림피아모텔,0,2,Y,2022/10/06 0:00,2022/10/10 0:00,1,,,제주특별자치도 제주시 서광로 171,제주특별자치도 제주시 용담일동 2829-7,,,,1,108000,
d_d000973,가름게스트하우스,0,7,Y,2022/09/01 0:00,2022/09/02 0:00,2,,,제주특별자치도 서귀포시 법환하로9번길 10,제주특별자치도 서귀포시 법환동 1330,,,,5,55000,
