여행ID,이동수단구분,이용경비구분,이용경비순번,이동수단구분명,소비인원,사업자등록번호,상호명,결제일시,결제방식구분,결제금액,소비내역
b_b005018,50,교통비,0,버스 + 지하철,2,,,,,2900,
d_d000559,2,주차비,0,렌터카(승용/승합/버스 등등),2,,,,,2000,
d_d000251,16,교통비,0,기타,2,,,,,45000,
d_d000701,2,주차비,3,렌터카(승용/승합/버스 등등),4,6168301559,서귀포시청,2022/09/04 11:01,1,2000,주차비
d_d010363,2,렌탈비,0,렌터카(승용/승합/버스 등등),2,,,,,103400,
d_d001983,2,주유비,0,렌터카(승용/승합/버스 등등),2,,,,,50000,
d_d001527,4,교통비,0,택시,3,,,,,13700,
d_d006799,9,교통비,0,항공기,1,,,,,212800,
d_d010735,2,주유비,0,렌터카(승용/승합/버스 등등),2,,,,,43534,
d_d006977,50,교통비,0,버스 + 지하철,1,,,,,18600,
d_d009829,50,교통비,0,버스 + 지하철,1,,,,,6300,
d_d007570,9,교통비,0,항공기,1,,,,,223000,비행기표
d_d002067,2,렌탈비,1,렌터카(승용/승합/버스 등등),1,2118841856,주식회사티몬,2022/09/16 15:10,1,143000,
d_d002862,9,교통비,0,항공기,1,,,,,216900,비행기표
d_d001541,2,렌탈비,0,렌터카(승용/승합/버스 등등),2,,,,,75800,
d_d004807,2,렌탈비,0,렌터카(승용/승합/버스 등등),2,,,,,150600,
d_d003747,2,주유비,0,렌터카(승용/승합/버스 등등),1,,,,,16000,
d_d004384,4,교통비,2,택시,2,,,2022/10/13 5:46,1,6400,택시비
d_d000820,9,교통비,0,항공기,3,,,,,396600,비행기표
d_d007150,2,렌탈비,0,렌터카(승용/승합/버스 등등),5,,,,,100000,
d_d006057,1,주유비,0,자가용(승용/승합/트럭 등등),3,,,,,30000,
d_d004349,4,교통비,0,택시,2,,,,,6000,
d_d007870,14,렌탈비,0,자전거,3,,,,,15000,
d_d000795,10,교통비,1,배/선박,1,6168145193,우도해운(주),2022/08/29 10:18,1,10000,(왕복)승/대인;입장료/어른
d_d001247,4,교통비,1,택시,2,,,2022/09/22 0:00,1,6700,택시비
d_d010281,2,렌탈비,1,렌터카(승용/승합/버스 등등),2,,,,3,73040,렌트비
d_d000540,2,렌탈비,2,렌터카(승용/승합/버스 등등),2,3680801124,이도그린,2022/08/20 11:10,1,26850,무연휘발유
d_d001473,50,교통비,0,버스 + 지하철,2,,,,,2700,
d_d003286,4,교통비,1,택시,1,4118100359,(유)중앙교통,2022/10/19 21:49,1,6600,택시비
a_a000047,1,주유비,0,자가용(승용/승합/트럭 등등),4,,,,,63000,
d_d002237,2,주유비,0,렌터카(승용/승합/버스 등등),3,,,,,50000,
d_d004432,2,주유비,0,렌터카(승용/승합/버스 등등),9,,,,,80000,
d_d002223,1,주유비,0,자가용(승용/승합/트럭 등등),4,,,,,80000,
d_d009002,1,주유비,0,자가용(승용/승합/트럭 등등),2,,,,,60000,
d_d001315,9,교통비,2,항공기,4,,,2022/08/20 0:00,1,100000,비행기표
a_a001479,1,주유비,0,자가용(승용/승합/트럭 등등),1,,,,,50000,
d_d002218,2,렌탈비,0,렌터카(승용/승합/버스 등등),4,,,,,150000,
d_d000676,4,교통비,1,택시,4,6765300443,부천개인택시,2022/09/07 23:22,1,15700,택시비
b_b002847,1,주차비,13,자가용(승용/승합/트럭 등등),2,6208209271,울산광역시중구도시관리공단,2022/09/01 16:36,1,2500,주차비
d_d002878,1,주유비,0,자가용(승용/승합/트럭 등등),1,,,,,60000,
b_b000218,10,교통비,0,배/선박,4,,,,,1438600,
b_b009691,1,주유비,0,자가용(승용/승합/트럭 등등),2,,,,,30000,
d_d001485,9,교통비,0,항공기,1,,,,,82700,비행기표
d_d000017,2,렌탈비,0,렌터카(승용/승합/버스 등등),1,,,,,340000,
d_d000404,1,통행료,0,자가용(승용/승합/트럭 등등),4,,,,,5400,
d_d005954,10,교통비,1,배/선박,1,6168145193,우도해운(주),2022/10/16 11:39,1,10000,승선권
d_d001688,50,교통비,0,버스 + 지하철,1,,,,,2900,
d_d003876,1,주유비,0,자가용(승용/승합/트럭 등등),4,,,,,80000,
d_d002529,2,렌탈비,0,렌터카(승용/승합/버스 등등),2,,,,,54100,
d_d005408,50,교통비,0,버스 + 지하철,2,,,,,5200,
d_d004104,1,주유비,11,자가용(승용/승합/트럭 등등),1,6162608791,한수풀주유소,2022/10/10 14:21,1,60000,주유비 경유
d_d005567,9,교통비,0,항공기,2,,,,,214920,비행기표
d_d010505,2,렌탈비,0,렌터카(승용/승합/버스 등등),2,,,,,50000,
d_d009301,2,주유비,0,렌터카(승용/승합/버스 등등),2,,,,,25000,
d_d000283,10,교통비,1,배/선박,6,1078204813,한국해운조합,2022/08/24 0:00,1,66600,승선권
d_d002701,2,렌탈비,0,렌터카(승용/승합/버스 등등),2,,,,,500000,
c_c000085,1,주유비,0,자가용(승용/승합/트럭 등등),4,,,,,60000,
a_a001773,50,교통비,0,버스 + 지하철,3,,,,,15550,
d_d002812,4,교통비,0,택시,1,,,,,299560,
d_d007365,2,주차비,0,렌터카(승용/승합/버스 등등),2,,,,,5000,
d_d001987,10,교통비,0,배/선박,2,,,,,20000,
d_d002361,2,렌탈비,0,렌터카(승용/승합/버스 등등),3,,,,,71900,
d_d001385,9,교통비,0,항공기,4,,,,,450000,비행기표
d_d010354,10,교통비,11,배/선박,3,1078204813,한국해운조합,2022/11/07 10:47,1,42300,승선권
d_d010195,4,교통비,0,택시,1,,,,,29200,
d_d000487,2,렌탈비,0,렌터카(승용/승합/버스 등등),1,,,,,200000,
d_d011722,2,렌탈비,1,렌터카(승용/승합/버스 등등),1,1508700854,주식회사제주원렌트카,2022/11/06 10:42,1,12050,렌트비
a_a003218,50,교통비,0,버스 + 지하철,2,,,,,2600,
a_a000354,2,통행료,0,렌터카(승용/승합/버스 등등),2,,,,,6600,
a_a003485,1,주유비,0,자가용(승용/승합/트럭 등등),4,,,,,40000,
d_d000773,1,통행료,0,자가용(승용/승합/트럭 등등),2,,,,,2600,
d_d004016,1,주유비,0,자가용(승용/승합/트럭 등등),2,,,,,50000,
d_d001893,1,주유비,11,자가용(승용/승합/트럭 등등),2,6162254977,돈내코주유소,2022/10/02 15:58,1,30000,주유비
b_b006000,1,주유비,0,자가용(승용/승합/트럭 등등),4,,,,,50000,
d_d001850,9,교통비,0,항공기,1,,,,,150000,비행기표
d_d000162,4,교통비,0,택시,3,,,,,19800,
d_d004961,2,렌탈비,0,렌터카(승용/승합/버스 등등),2,,,,,163362,
d_d008994,2,렌탈비,0,렌터카(승용/승합/버스 등등),4,,,,,89550,
d_d002105,11,교통비,0,관광버스,1,,,,,3000,
a_a014437,1,주유비,0,자가용(승용/승합/트럭 등등),1,,,,,60000,
d_d012236,4,교통비,1,택시,2,,,2022/11/07 19:41,1,7000,택시비
d_d011349,50,교통비,0,버스 + 지하철,4,,,,,22640,
d_d006657,9,교통비,0,항공기,2,,,,,332000,비행기표
d_d009697,9,교통비,0,항공기,2,,,,,348600,비행기표
a_a000553,1,통행료,0,자가용(승용/승합/트럭 등등),3,,,,,1000,
d_d000431,2,렌탈비,1,렌터카(승용/승합/버스 등등),6,5668801036,(주)네이처모빌리티,2022/08/18 0:00,1,235405,차량대여료
d_d009350,10,교통비,1,배/선박,1,6168145193,우도해운(주),2022/11/05 10:16,1,10000,(왕복)승/대인;입장료/어른
d_d007825,4,교통비,1,택시,2,6168100288,동방운수(주),2022/10/28 10:07,1,7100,택시비
d_d001835,4,교통비,2,택시,2,,,2022/10/06 17:43,1,44040,택시비
d_d009164,1,통행료,0,자가용(승용/승합/트럭 등등),2,,,,,7200,
d_d003046,1,주유비,0,자가용(승용/승합/트럭 등등),3,,,,,30000,
d_d005339,9,교통비,0,항공기,1,,,,,130000,비행기표
d_d010245,2,주유비,0,렌터카(승용/승합/버스 등등),2,,,,,2700,
d_d000552,9,교통비,0,항공기,6,,,,,788400,비행기표
b_b005163,1,주유비,0,자가용(승용/승합/트럭 등등),2,,,,,50000,
d_d009245,4,교통비,1,택시,1,6162677416,개인택시,2022/11/07 9:52,1,6600,택시비
b_b008580,10,교통비,1,배/선박,3,5083500340,(주)외도보타니아,2022/10/30 11:20,1,33000,승선권
a_a007263,1,주차비,0,자가용(승용/승합/트럭 등등),1,,,,,300,
d_d005004,50,교통비,0,버스 + 지하철,1,,,,,12600,
d_d002137,2,렌탈비,3,렌터카(승용/승합/버스 등등),4,3458700525,제주공항전기차,2022/09/28 17:07,1,146100,렌트카
d_d006694,1,주유비,12,자가용(승용/승합/트럭 등등),2,3300601052,한동LPG자동차충전소,2022/10/18 18:16,1,30069,주유비
d_d001764,2,주유비,0,렌터카(승용/승합/버스 등등),5,,,,,80000,
d_d002872,1,주유비,0,자가용(승용/승합/트럭 등등),4,,,,,140000,
d_d001653,2,렌탈비,0,렌터카(승용/승합/버스 등등),2,,,,,64200,
d_d009833,4,교통비,5,택시,1,6162017978,개인택시,2022/11/05 12:13,1,4800,택시비
a_a001131,1,주유비,0,자가용(승용/승합/트럭 등등),3,,,,,77000,
d_d002026,1,주차비,11,자가용(승용/승합/트럭 등등),2,6168300278,제주시청,2022/10/27 14:48,1,2500,주차비
d_d002146,4,교통비,0,택시,2,,,,,7000,
b_b014724,1,통행료,0,자가용(승용/승합/트럭 등등),3,,,,,12000,
d_d001515,2,렌탈비,13,렌터카(승용/승합/버스 등등),4,6168617974,에이스렌트카(주),2022/10/02 12:44,1,12000,렌트비
d_d002997,2,주유비,4,렌터카(승용/승합/버스 등등),3,6163079935,이좋은주유소,2022/10/16 12:29,1,35000,주유비
a_a006466,1,주차비,11,자가용(승용/승합/트럭 등등),4,3268601467,주식회사우형(삼송서진주유소),2022/10/10 9:48,1,57645,주차비
d_d002080,4,교통비,1,택시,2,,,2022/10/01 16:44,1,6500,택시비
d_d006711,1,주유비,0,자가용(승용/승합/트럭 등등),5,,,,,30000,
d_d000173,1,주유비,0,자가용(승용/승합/트럭 등등),5,,,,,10000,
d_d000142,2,렌탈비,0,렌터카(승용/승합/버스 등등),1,,,,,167500,
d_d001585,1,주유비,0,자가용(승용/승합/트럭 등등),2,,,,,70000,
d_d010230,2,주차비,0,렌터카(승용/승합/버스 등등),1,,,,,3000,
d_d001585,50,교통비,0,버스 + 지하철,1,,,,,6000,
d_d004945,9,교통비,0,항공기,2,,,,,378800,비행기표
d_d000721,1,주유비,0,자가용(승용/승합/트럭 등등),2,,,,,30000,
d_d006215,2,주유비,3,렌터카(승용/승합/버스 등등),4,4558601445,광동,2022/10/15 16:10,1,30000,주유비
d_d000134,2,렌탈비,0,렌터카(승용/승합/버스 등등),4,,,,,623200,
b_b003123,1,주차비,11,자가용(승용/승합/트럭 등등),2,6128204635,국립공원관리공단,2022/08/31 19:19,1,1100,주차비
d_d009419,1,주유비,11,자가용(승용/승합/트럭 등등),1,5140983255,구좌주유소,2022/11/02 18:36,1,10000,주유비
d_d002284,2,주유비,0,렌터카(승용/승합/버스 등등),4,,,,,24735,
d_d002687,2,주유비,0,렌터카(승용/승합/버스 등등),2,,,,,50000,
d_d001455,9,교통비,4,항공기,2,1108114794,(주)대한항공,2022/09/11 0:00,1,139700,비행기표
d_d009697,4,교통비,0,택시,2,,,,,9200,
d_d001027,2,렌탈비,11,렌터카(승용/승합/버스 등등),2,8738700980,(주)제주로렌트카,2022/08/31 13:30,1,40000,렌트비
d_d002560,1,주차비,12,자가용(승용/승합/트럭 등등),2,6168304217,성산리사무소,2022/10/21 17:38,1,2000,주차비
d_d007391,2,주유비,0,렌터카(승용/승합/버스 등등),1,,,,,5355,
d_d010211,50,교통비,0,버스 + 지하철,2,,,,,6000,
d_d007391,10,교통비,0,배/선박,1,,,,,10000,
d_d002256,1,주차비,14,자가용(승용/승합/트럭 등등),2,7698800261,주식회사 본태인터네셔널,,1,3000,주차비
d_d010606,1,통행료,0,자가용(승용/승합/트럭 등등),1,,,,,5500,
d_d008119,1,주유비,11,자가용(승용/승합/트럭 등등),1,6168510412,도두SELF주유소,2022/10/30 12:15,1,50000,주유비
d_d006933,1,주유비,11,자가용(승용/승합/트럭 등등),2,6162783351,삼다주유소,2022/10/29 11:25,1,30000,주유비
d_d000101,50,교통비,0,버스 + 지하철,2,,,,,6200,
d_d004040,2,렌탈비,1,렌터카(승용/승합/버스 등등),2,5668801036,(주)네이처모빌리티,2022/10/14 1:31,1,86000,렌트비
d_d004845,2,주유비,0,렌터카(승용/승합/버스 등등),3,,,,,40000,
d_d000968,9,교통비,1,항공기,4,6168150527,(주)제주항공,2022/06/08 23:47,1,675000,비행기표
d_d001370,7,교통비,0,KTX/SRT(고속열차),2,,,,,16800,기차표
a_a002392,1,주유비,0,자가용(승용/승합/트럭 등등),2,,,,,40000,
d_d003795,2,렌탈비,12,렌터카(승용/승합/버스 등등),5,,제주다움렌트카,,5,135000,렌트비
d_d002080,4,교통비,4,택시,2,,,2022/10/03 20:29,1,10500,택시비
d_d000371,50,교통비,0,버스 + 지하철,1,,,,,5000,
d_d004709,50,교통비,0,버스 + 지하철,1,,,,,3000,
a_a002172,1,주유비,0,자가용(승용/승합/트럭 등등),4,,,,,90000,
d_d007907,2,렌탈비,0,렌터카(승용/승합/버스 등등),1,,,,,160000,
d_d000663,2,렌탈비,0,렌터카(승용/승합/버스 등등),2,,,,,201400,
b_b015453,1,주차비,0,자가용(승용/승합/트럭 등등),4,,,,,4000,
d_d002565,4,교통비,2,택시,2,6161458624,개인택시,2022/10/29 17:55,1,5600,택시비
d_d000143,2,주유비,0,렌터카(승용/승합/버스 등등),2,,,,,71000,
d_d006228,50,교통비,0,버스 + 지하철,1,,,,,17600,
d_d007489,2,주유비,0,렌터카(승용/승합/버스 등등),4,,,,,33390,
d_d000654,9,교통비,0,항공기,1,,,,,45400,비행기표
a_a000095,1,통행료,0,자가용(승용/승합/트럭 등등),5,,,,,18400,
d_d006734,4,교통비,0,택시,3,,,,,22700,
d_d002531,9,교통비,0,항공기,2,,,,,75330,비행기표
c_c000121,10,교통비,12,배/선박,2,1078204813,한국해운조합,2022/08/19 0:00,1,8700,승선비(어른)
d_d009903,9,교통비,0,항공기,2,,,,,236000,비행기표
d_d001220,2,렌탈비,0,렌터카(승용/승합/버스 등등),3,,,,,170685,
d_d002703,4,교통비,0,택시,2,,,,,44000,
d_d007782,9,교통비,2,항공기,2,1218189086,주식회사 진에어,2022/10/28 12:00,1,266800,비행기표
d_d007518,2,주차비,0,렌터카(승용/승합/버스 등등),2,,,,,2000,
d_d009574,4,교통비,0,택시,2,,,,,12000,
d_d009158,2,주유비,0,렌터카(승용/승합/버스 등등),4,,,,,50000,
d_d000158,1,주유비,0,자가용(승용/승합/트럭 등등),4,,,,,50000,
d_d006189,10,교통비,0,배/선박,1,,,,,10000,
d_d010347,4,교통비,1,택시,1,1048183559,주식회사 티머니,2022/10/31 15:37,1,11600,택시비
d_d000559,1,주차비,11,자가용(승용/승합/트럭 등등),2,7325400610,주상절리주차장,2022/08/21 0:00,1,2000,주차비
d_d002631,2,렌탈비,2,렌터카(승용/승합/버스 등등),3,6168190529,주식회사 쏘카,2022/10/21 0:00,3,72340,렌트비
d_d006734,50,교통비,0,버스 + 지하철,1,,,,,8750,
d_d004529,10,교통비,1,배/선박,1,6168145193,우도해운(주),2022/10/20 9:01,1,10000,승선권
d_d009886,10,교통비,11,배/선박,2,6168156045,(주)아름다운섬나라,2022/10/20 0:00,1,28200,승선권
d_d000547,50,교통비,0,버스 + 지하철,1,,,,,15000,
b_b004490,2,렌탈비,1,렌터카(승용/승합/버스 등등),2,6168190529,주식회사 쏘카,2022/10/01 0:00,1,290970,렌터카비
d_d006189,9,교통비,0,항공기,1,,,,,45400,비행기표
d_d004968,2,렌탈비,3,렌터카(승용/승합/버스 등등),1,1048658491,(주)그린카,2022/10/09 15:42,1,97320,렌트비
d_d000870,2,주유비,0,렌터카(승용/승합/버스 등등),3,,,,,53000,
d_d007859,2,렌탈비,2,렌터카(승용/승합/버스 등등),2,2208791595,(주)그린카,,1,241030,렌트비
d_d002757,2,렌탈비,3,렌터카(승용/승합/버스 등등),6,,,2022/10/07 14:30,1,108614,렌트비
d_d009265,1,주차비,0,자가용(승용/승합/트럭 등등),2,,,,,75000,
c_c003767,1,주유비,0,자가용(승용/승합/트럭 등등),3,,,,,50400,
d_d005254,2,렌탈비,0,렌터카(승용/승합/버스 등등),4,,,,,50000,
d_d000670,9,교통비,1,항공기,1,,,2022/08/22 8:56,1,71000,비행기표
d_d011394,2,주차비,0,렌터카(승용/승합/버스 등등),3,,,,,500,
a_a001232,4,교통비,0,택시,1,,,,,23000,
d_d003991,10,교통비,1,배/선박,1,6168145193,우도해운(주),2022/10/23 16:58,1,9000,승선권/대인
d_d010667,2,렌탈비,2,렌터카(승용/승합/버스 등등),2,6168617974,에이스렌트카(주),2022/10/30 16:19,1,40000,렌트비
d_d009283,1,주유비,0,자가용(승용/승합/트럭 등등),1,,,,,30000,
d_d006170,10,교통비,1,배/선박,2,6168145193,우도해운(주),2022/10/31 13:11,1,20000,(왕복)승/대인;입장료/어른 
d_d009311,1,주유비,0,자가용(승용/승합/트럭 등등),2,,,,,40000,
d_d000241,4,교통비,0,택시,2,,,,,16000,
c_c003313,4,교통비,2,택시,2,4178102239,(유)서광교통,2022/10/15 16:24,1,6100,택시비
c_c004822,7,교통비,1,KTX/SRT(고속열차),2,3058631590,주식회사 에스알,2022/10/10 0:00,1,45600,기차표
d_d003951,4,교통비,3,택시,1,6168102082,(주)남양교통,2022/10/28 19:41,1,13400,택시비
d_d001881,4,교통비,0,택시,1,,,,,13000,
d_d006923,2,렌탈비,11,렌터카(승용/승합/버스 등등),3,2208155597,(주)케이지이니시스,2022/09/18 15:05,1,138049,렌트비
d_d002148,2,렌탈비,1,렌터카(승용/승합/버스 등등),2,,,2022/09/28 2:19,3,19900,렌트비 
d_d000345,9,교통비,0,항공기,2,,,,,160000,비행기표
d_d005261,50,교통비,0,버스 + 지하철,2,,,,,14400,
d_d002416,11,교통비,0,관광버스,1,,,,,30000,
d_d001737,2,주유비,2,렌터카(승용/승합/버스 등등),2,6160996788,평대주유소,2022/09/29 16:21,1,15000,주유비
d_d004842,4,교통비,2,택시,2,,,2022/10/09 5:16,1,26400,택시비
d_d004753,14,렌탈비,0,자전거,1,,,,,35000,
d_d010560,9,교통비,1,항공기,3,8258100091,에어서울,2022/11/02 14:30,1,228900,비행기표
d_d007852,50,교통비,0,버스 + 지하철,1,,,,,6000,
d_d000188,4,교통비,0,택시,4,,,,,94000,
d_d000554,1,주유비,11,자가용(승용/승합/트럭 등등),3,6162486944,환영주유소,2022/09/09 12:23,1,104000,주유비
d_d000430,9,교통비,12,항공기,2,,티웨이항공,2022/08/22 0:00,1,157400,비행기표
b_b004150,2,주유비,0,렌터카(승용/승합/버스 등등),2,,,,,34287,
d_d007400,2,주차비,0,렌터카(승용/승합/버스 등등),2,,,,,4500,
d_d001811,9,교통비,0,항공기,2,,,,,424000,비행기표
b_b001152,4,교통비,0,택시,2,,,,,21700,
c_c003035,1,주유비,0,자가용(승용/승합/트럭 등등),4,,,,,80000,
d_d004503,1,주유비,0,자가용(승용/승합/트럭 등등),2,,,,,50000,
b_b001937,10,교통비,3,배/선박,1,2268529227,씨스포빌(주),2022/08/19 14:00,1,60000,승선권
d_d000547,9,교통비,0,항공기,1,,,,,178600,비행기표
d_d004444,4,교통비,3,택시,2,1298638970,(주)이비카드,2022/10/14 20:31,1,3300,택시비
d_d002094,50,교통비,0,버스 + 지하철,1,,,,,2600,
d_d002408,2,주유비,0,렌터카(승용/승합/버스 등등),6,,,,,30000,
d_d001818,2,렌탈비,2,렌터카(승용/승합/버스 등등),7,,,,1,84998,
d_d007453,10,교통비,1,배/선박,1,6168145193,우도해운(주),2022/11/01 16:02,1,9000,승선권/대인
d_d003534,1,통행료,0,자가용(승용/승합/트럭 등등),2,,,,,9800,
d_d000248,1,주차비,11,자가용(승용/승합/트럭 등등),4,6168300278,제주시청,2022/08/20 12:43,1,1500,주차비
d_d000487,50,교통비,0,버스 + 지하철,2,,,,,24800,
d_d003675,1,주유비,0,자가용(승용/승합/트럭 등등),5,,,,,50000,
b_b004441,50,교통비,0,버스 + 지하철,1,,,,,86800,
d_d000012,10,교통비,2,배/선박,2,6168145193,우도해운(주),2022/08/19 13:35,1,11000,승선권/대인;입장료/어른
d_d003330,1,주유비,0,자가용(승용/승합/트럭 등등),2,,,,,50000,
d_d003131,50,교통비,0,버스 + 지하철,2,,,,,19800,
d_d004124,9,교통비,0,항공기,2,,,,,425600,
d_d001855,9,교통비,0,항공기,2,,,,,369400,비행기표
d_d002670,1,주차비,0,자가용(승용/승합/트럭 등등),1,,,,,4000,
d_d000515,50,교통비,0,버스 + 지하철,2,,,,,11700,
d_d011394,2,렌탈비,1,렌터카(승용/승합/버스 등등),3,2118841856,주식회사티몬,2022/10/26 0:00,1,85140,"[가을여행왔추] 친절한 라인렌트카, 단독 1만원 할인, 티몬 NO.1 최신연식 풀옵션,고급자차포함가,최상위 고객만족도(구매 4"
d_d001379,4,교통비,0,택시,2,,,,,223240,
d_d006855,10,교통비,2,배/선박,2,6168145193,우도해운(주),2022/10/29 14:23,1,22200,승선권/대인;승선권/대형
b_b001806,1,통행료,0,자가용(승용/승합/트럭 등등),2,,,,,33600,
d_d001448,2,주유비,0,렌터카(승용/승합/버스 등등),6,,,,,50000,
d_d002157,9,교통비,0,항공기,4,,,,,824000,비행기표
a_a006450,9,교통비,1,항공기,1,,,,,106400,
d_d005563,2,주유비,0,렌터카(승용/승합/버스 등등),2,,,,,29990,
d_d004426,1,주유비,0,자가용(승용/승합/트럭 등등),3,,,,,15000,
d_d000766,10,교통비,2,배/선박,2,1078204813,한국해운조합,2022/09/02 0:00,1,28800,승선권
d_d002667,9,교통비,0,항공기,1,,,,,18000,비행기표
d_d002165,9,교통비,0,항공기,3,,,,,501800,비행기표
a_a003210,1,주차비,0,자가용(승용/승합/트럭 등등),2,,,,,6400,
d_d001502,2,렌탈비,0,렌터카(승용/승합/버스 등등),10,,,,,270000,
d_d001544,4,교통비,1,택시,4,,,2022/10/03 9:07,1,3800,택시비
d_d001605,9,교통비,0,항공기,1,,,,,262800,비행기표
d_d007009,2,렌탈비,1,렌터카(승용/승합/버스 등등),4,2118841856,주식회사티몬,2022/08/19 10:04,1,218980,
d_d000631,2,렌탈비,0,렌터카(승용/승합/버스 등등),4,,,,,267230,
d_d005344,14,렌탈비,1,자전거,2,2105017952,우도고고씽,2022/10/12 15:00,1,25000,
d_d000955,16,교통비,0,기타,4,,,,,31700,
d_d002572,50,교통비,0,버스 + 지하철,1,,,,,3400,
a_a002343,50,교통비,0,버스 + 지하철,1,,,,,3000,
d_d012422,1,주유비,11,자가용(승용/승합/트럭 등등),1,6162317192,도련주유소,2022/11/13 20:25,1,30000,주유비
d_d005052,10,교통비,2,배/선박,2,5068103426,(주)대아고속해운,2022/10/20 15:20,1,127000,승선권
d_d006764,4,교통비,1,택시,1,,,2022/10/23 5:35,1,3800,택시비
d_d003886,4,교통비,1,택시,1,6162137078,개인택시,2022/10/22 10:38,1,4100,택시비
d_d010575,50,교통비,0,버스 + 지하철,3,,,,,11100,
d_d011694,4,교통비,0,택시,1,,,,,40000,
b_b000462,4,교통비,3,택시,2,6138100557,(자)신흥택시,2022/08/11 17:08,1,6700,택시비
d_d004976,2,주유비,0,렌터카(승용/승합/버스 등등),5,,,,,80000,
d_d000281,2,렌탈비,1,렌터카(승용/승합/버스 등등),4,,,2022/08/19 12:30,1,180720,단기렌트
d_d004615,2,주유비,0,렌터카(승용/승합/버스 등등),1,,,,,7000,
d_d004453,1,주차비,0,자가용(승용/승합/트럭 등등),2,,,,,35000,
d_d004588,1,주유비,12,자가용(승용/승합/트럭 등등),4,4101981269,행복주유소,2022/10/10 18:27,1,50000,주유비
d_d001386,1,주유비,0,자가용(승용/승합/트럭 등등),4,,,,,120000,
d_d002490,50,교통비,0,버스 + 지하철,3,,,,,25050,
c_c003313,4,교통비,11,택시,2,4178101114,(유)호남교통,2022/10/16 18:54,1,4000,택시비
d_d006952,2,렌탈비,1,렌터카(승용/승합/버스 등등),3,,,2022/10/16 15:49,1,41880,
d_d001243,2,렌탈비,1,렌터카(승용/승합/버스 등등),1,,,2022/09/07 18:12,1,63250,차량대여료
d_d011394,9,교통비,4,항공기,3,1108114794,(주)대한항공,2022/10/15 0:00,1,19400,비행기표
d_d000396,9,교통비,0,항공기,1,,,,,172400,
d_d001574,2,주유비,0,렌터카(승용/승합/버스 등등),4,,,,,30000,
d_d000866,4,교통비,2,택시,4,1011612741,개인택시,2022/08/20 13:53,1,5200,택시비
d_d005446,10,교통비,1,배/선박,2,4118120146,씨월드고속훼리(주),2022/10/17 16:04,1,201340,승선권
a_a015309,1,주차비,0,자가용(승용/승합/트럭 등등),5,,,,,5000,
d_d001048,9,교통비,0,항공기,1,,,,,212800,
d_d007489,2,렌탈비,0,렌터카(승용/승합/버스 등등),4,,,,,200000,
d_d009214,2,렌탈비,0,렌터카(승용/승합/버스 등등),2,,,,,160000,
b_b002235,50,교통비,0,버스 + 지하철,2,,,,,2600,
d_d004888,2,주차비,0,렌터카(승용/승합/버스 등등),2,,,,,12000,
d_d000234,50,교통비,0,버스 + 지하철,2,,,,,32000,
d_d002972,2,주차비,0,렌터카(승용/승합/버스 등등),2,,,,,400,
d_d009677,50,교통비,0,버스 + 지하철,1,,,,,10000,
d_d009903,10,교통비,1,배/선박,2,6168145193,우도해운(주),2022/11/02 12:51,1,45000,(왕복)승/대인;(왕복)승/중/소형;입장료/어른;입장료/차량C
d_d006717,50,교통비,0,버스 + 지하철,2,,,,,2400,
a_a004162,1,주유비,0,자가용(승용/승합/트럭 등등),2,,,,,70000,
a_a001255,9,교통비,1,항공기,1,,,,,106400,
d_d001091,9,교통비,3,항공기,2,1048117480,아시아나항공㈜,2022/07/07 19:41,1,155600,비행기표
d_d002513,9,교통비,1,항공기,1,5248601528,네이버파이낸셜 주식회사,2022/10/04 23:18,1,65400,비행기표
d_d000130,9,교통비,0,항공기,4,,,,,950000,비행기표
d_d002311,2,주유비,0,렌터카(승용/승합/버스 등등),4,,,,,40000,
d_d002304,50,교통비,0,버스 + 지하철,1,,,,,2800,
d_d002575,4,교통비,2,택시,3,,,2022/10/23 8:30,1,5700,택시비
a_a002402,1,통행료,0,자가용(승용/승합/트럭 등등),2,,,,,14100,
c_c004635,1,통행료,0,자가용(승용/승합/트럭 등등),4,,,,,16000,
d_d011349,2,주차비,0,렌터카(승용/승합/버스 등등),4,,,,,11500,
d_d002495,2,주유비,0,렌터카(승용/승합/버스 등등),8,,,,,76000,
d_d002545,9,교통비,0,항공기,2,,,,,314000,비행기표
d_d006245,1,주유비,0,자가용(승용/승합/트럭 등등),1,,,,,31773,
d_d002630,1,통행료,0,자가용(승용/승합/트럭 등등),3,,,,,25200,
d_d010606,2,렌탈비,1,렌터카(승용/승합/버스 등등),1,2868800238,(주)팀오투,2022/11/04 16:00,1,15750,렌트비
b_b004963,10,교통비,0,배/선박,4,,,,,66500,
b_b004963,1,주차비,0,자가용(승용/승합/트럭 등등),4,,,,,650,
d_d000035,1,주유비,11,자가용(승용/승합/트럭 등등),2,6160766349,우수주유소,2022/08/06 11:09,1,50000,주유비
a_a006382,1,주유비,0,자가용(승용/승합/트럭 등등),2,,,,,20000,
d_d000797,1,주차비,0,자가용(승용/승합/트럭 등등),4,,,,,40000,
d_d010490,1,주차비,11,자가용(승용/승합/트럭 등등),4,6168300278,제주시청,2022/11/01 12:30,1,1500,주차비
d_d003166,2,렌탈비,0,렌터카(승용/승합/버스 등등),2,,,,,85000,
d_d007728,16,교통비,0,기타,1,,,,,10000,
a_a004595,2,렌탈비,0,렌터카(승용/승합/버스 등등),3,,,,,69060,
d_d006300,9,교통비,1,항공기,2,6058184518,에어부산 주식회사,2022/10/10 0:00,1,185000,비행기표
d_d002844,2,주유비,0,렌터카(승용/승합/버스 등등),2,,,,,8000,
d_d001580,16,교통비,0,기타,1,,,,,40000,
d_d009315,1,주유비,12,자가용(승용/승합/트럭 등등),9,6161253488,내고향주유소,2022/10/30 10:45,1,50000,주유비
d_d009882,9,교통비,0,항공기,1,,,,,72300,비행기표
d_d004384,4,교통비,1,택시,2,6161529029,개인택시,2022/10/12 16:25,1,7300,택시비
d_d010075,2,렌탈비,1,렌터카(승용/승합/버스 등등),2,1058776000,주식회사캐플릭스,2022/10/09 0:00,1,60000,렌트비
d_d010685,9,교통비,2,항공기,2,,,2022/11/05 20:35,1,131200,비행기표
d_d004285,50,교통비,0,버스 + 지하철,1,,,,,120000,
d_d001345,9,교통비,2,항공기,2,6168150527,(주)제주항공,2022/08/14 0:00,1,169800,비행기표
a_a004560,1,통행료,0,자가용(승용/승합/트럭 등등),2,,,,,2500,
d_d000196,4,교통비,2,택시,1,6168102758,대안택시(주),2022/08/23 17:59,1,46840,택시비
d_d000190,1,주유비,0,자가용(승용/승합/트럭 등등),2,,,,,56000,
d_d004523,1,주유비,0,자가용(승용/승합/트럭 등등),5,,,,,15000,
d_d002318,2,렌탈비,1,렌터카(승용/승합/버스 등등),2,,,,,0,
a_a015790,50,교통비,0,버스 + 지하철,1,,,,,8900,
d_d005437,50,교통비,0,버스 + 지하철,2,,,,,2300,
d_d009158,1,주차비,14,자가용(승용/승합/트럭 등등),4,6168300278,제주시청,2022/10/29 20:25,1,1000,주차비
c_c004805,1,주유비,0,자가용(승용/승합/트럭 등등),4,,,,,30000,
d_d009342,1,주유비,14,자가용(승용/승합/트럭 등등),1,,전기차 충전,,1,2879,주유비
d_d007799,1,통행료,0,자가용(승용/승합/트럭 등등),9,,,,,8800,
d_d005087,1,통행료,0,자가용(승용/승합/트럭 등등),2,,,,,8600,
c_c000852,1,주유비,0,자가용(승용/승합/트럭 등등),2,,,,,30000,
d_d002537,9,교통비,0,항공기,2,,,,,250000,비행기표
d_d001892,9,교통비,0,항공기,4,,,,,884000,비행기표
d_d000998,9,교통비,2,항공기,2,1018194800,(주)티웨이항공,2022/08/08 0:00,1,147600,비행기표
b_b002249,1,통행료,0,자가용(승용/승합/트럭 등등),5,,,,,16500,
d_d002408,1,주유비,0,자가용(승용/승합/트럭 등등),3,,,,,50000,
d_d003472,4,교통비,1,택시,4,,,2022/10/28 17:34,1,6800,택시비
d_d002160,9,교통비,4,항공기,1,,,2022/09/24 0:00,1,97400,비행기표
d_d001361,50,교통비,0,버스 + 지하철,2,,,,,14800,
d_d002251,4,교통비,2,택시,1,,,2022/10/04 6:21,1,5000,택시비
d_d004459,50,교통비,0,버스 + 지하철,1,,,,,17000,
d_d001590,2,주차비,0,렌터카(승용/승합/버스 등등),2,,,,,1500,
d_d002554,9,교통비,0,항공기,2,,,,,417400,비행기표
c_c002604,1,주유비,0,자가용(승용/승합/트럭 등등),4,,,,,100000,
d_d009126,9,교통비,0,항공기,2,,,,,276800,비행기표
d_d002835,9,교통비,2,항공기,1,6168150527,(주)제주항공,2022/09/24 0:00,1,52600,비행기표
d_d001508,9,교통비,2,항공기,3,1108133092,내일투어,2022/08/18 0:00,1,377700,비행기표
d_d009480,2,주차비,0,렌터카(승용/승합/버스 등등),2,,,,,3000,
d_d000724,4,교통비,0,택시,4,,,,,4000,
d_d010383,9,교통비,0,항공기,2,,,,,150340,비행기표
d_d007009,2,주차비,0,렌터카(승용/승합/버스 등등),4,,,,,3000,
d_d006732,9,교통비,3,항공기,4,1218189086,주식회사 진에어,2022/10/21 0:00,1,284300,비행기표
d_d007489,1,주차비,14,자가용(승용/승합/트럭 등등),4,2068204293,서울특별시시설관리공단,2022/11/01 13:32,1,26000,주차비
b_b003777,1,주유비,0,자가용(승용/승합/트럭 등등),4,,,,,60000,
d_d002120,9,교통비,3,항공기,1,8258100091,에어서울,2022/09/27 12:35,1,129700,비행기표
d_d001591,2,렌탈비,0,렌터카(승용/승합/버스 등등),6,,,,,123000,
d_d005963,4,교통비,2,택시,1,6161968277,개인택시,2022/10/16 14:56,1,12500,택시비
c_c002328,50,교통비,0,버스 + 지하철,1,,,,,8200,
d_d000524,2,주유비,0,렌터카(승용/승합/버스 등등),2,,,,,50000,
a_a007277,1,주차비,12,자가용(승용/승합/트럭 등등),2,,전등사주차장,,1,2000,주차비
d_d003359,4,교통비,2,택시,1,6168104019,(주)하이제주,2022/10/19 7:38,1,11600,택시비
d_d000012,9,교통비,1,항공기,2,1018194800,(주)티웨이항공,2022/07/11 23:05,1,157400,비행기표 성인
d_d003287,1,주유비,12,자가용(승용/승합/트럭 등등),1,6162209813,우리주유소,2022/10/22 13:00,1,4000,주유비
d_d004065,9,교통비,11,항공기,3,1218189086,주식회사 진에어,2022/10/15 10:35,,0,비행기표
d_d001499,10,교통비,1,배/선박,2,6168145193,우도해운(주),2022/09/22 10:55,1,20000,(왕복)승/대인;입장료/어른
d_d003291,9,교통비,0,항공기,1,,,,,130400,비행기표
a_a002792,1,주차비,0,자가용(승용/승합/트럭 등등),2,,,,,400,
d_d005052,7,교통비,2,KTX/SRT(고속열차),2,3148210024,한국철도공사,2022/10/20 12:09,1,70000,기차표
d_d007753,2,렌탈비,4,렌터카(승용/승합/버스 등등),2,6458800285,주식회사로그인렌트카,2022/10/30 18:58,1,45000,렌트비
d_d000683,9,교통비,0,항공기,2,,,,,237500,비행기표
d_d001126,4,교통비,1,택시,1,,,2022/09/11 14:34,1,16700,택시비
d_d009259,2,주유비,0,렌터카(승용/승합/버스 등등),4,,,,,44000,
d_d010685,1,주차비,12,자가용(승용/승합/트럭 등등),2,6168304217,성산리사무소,2022/11/05 16:25,1,8000,주차비
d_d000540,50,교통비,0,버스 + 지하철,2,,,,,30000,
d_d001699,9,교통비,0,항공기,1,,,,,111300,비행기표
d_d000595,9,교통비,2,항공기,2,,,,1,142660,비행기표
d_d002239,4,교통비,4,택시,1,,,2022/10/04 16:50,1,17100,택시비
d_d001658,10,교통비,1,배/선박,3,1908100734,현성엠씨티,2022/09/22 0:00,1,89400,승선권
d_d004124,4,교통비,3,택시,2,,,2022/10/08 11:40,1,15400,택시비
d_d003566,1,주유비,12,자가용(승용/승합/트럭 등등),2,1508601763,(주)굿모닝제이케이,2022/10/24 19:28,1,20000,주유비
d_d000922,1,주유비,0,자가용(승용/승합/트럭 등등),5,,,,,50000,
d_d002446,2,렌탈비,1,렌터카(승용/승합/버스 등등),3,,,,1,405920,렌터카비
b_b002997,1,통행료,0,자가용(승용/승합/트럭 등등),1,,,,,45600,
b_b003123,1,주차비,12,자가용(승용/승합/트럭 등등),2,1018651015,파킹클라우드(주),2022/09/01 11:13,1,1300,주차비
d_d003564,50,교통비,0,버스 + 지하철,1,,,,,6400,
d_d006393,2,주유비,3,렌터카(승용/승합/버스 등등),2,6781800017,안덕하나주유소,2022/10/25 16:02,1,30000,주유비
d_d007611,9,교통비,0,항공기,2,,,,,501000,비행기표
d_d000431,2,주차비,0,렌터카(승용/승합/버스 등등),6,,,,,3000,
d_d002221,9,교통비,1,항공기,2,1018194800,(주)티웨이항공,2022/09/15 22:39,1,118720,비행기표
d_d012348,1,주유비,0,자가용(승용/승합/트럭 등등),1,,,,,30000,
d_d003374,50,교통비,0,버스 + 지하철,1,,,,,7100,
d_d001372,9,교통비,0,항공기,2,,,,,166560,비행기표
a_a005055,1,주차비,0,자가용(승용/승합/트럭 등등),3,,,,,2000,
d_d002554,2,렌탈비,12,렌터카(승용/승합/버스 등등),2,,제주공항렌트카,2022/10/21 10:00,1,128700,렌트비
d_d001312,10,교통비,1,배/선박,1,4208701280,욕지해운(주),2022/09/28 12:20,3,29600,승선권
d_d002973,4,교통비,1,택시,2,,,2022/10/10 9:22,1,15400,택시비
d_d001731,2,렌탈비,0,렌터카(승용/승합/버스 등등),3,,,,,20000,
d_d000251,2,주차비,0,렌터카(승용/승합/버스 등등),2,,,,,10000,
b_b005014,1,통행료,0,자가용(승용/승합/트럭 등등),3,,,,,33400,
d_d005999,2,렌탈비,12,렌터카(승용/승합/버스 등등),4,6168101496,제주렌트카주식회사,2022/10/20 16:33,1,60400,렌트비
d_d009302,4,교통비,0,택시,4,,,,,25000,
d_d008211,9,교통비,0,항공기,2,,,,,222220,비행기표
d_d001521,4,교통비,0,택시,3,,,,,12000,
d_d001894,50,교통비,0,버스 + 지하철,2,,,,,9200,
d_d002906,1,주유비,0,자가용(승용/승합/트럭 등등),9,,,,,150000,
d_d007548,9,교통비,0,항공기,1,,,,,201800,비행기표
d_d002055,9,교통비,0,항공기,2,,,,,217240,비행기표
d_d006977,10,교통비,1,배/선박,1,6168145193,우도해운(주),2022/10/22 10:03,1,10000,(왕복)승/대인;입장료/어른
d_d000033,1,주유비,0,자가용(승용/승합/트럭 등등),4,,,,,200000,
d_d000263,4,교통비,2,택시,2,5386100447,개인택시,2022/08/22 21:09,1,6800,택시비
d_d010272,1,주유비,0,자가용(승용/승합/트럭 등등),2,,,,,50000,
d_d000507,2,렌탈비,0,렌터카(승용/승합/버스 등등),2,,,,,137000,
d_d010667,4,교통비,1,택시,2,8301201344,택시,2022/11/02 16:03,1,12000,택시비
d_d009918,11,교통비,0,관광버스,1,,,,,8000,
d_d001202,50,교통비,0,버스 + 지하철,1,,,,,35000,
d_d004195,9,교통비,1,항공기,2,1218189086,주식회사 진에어,,1,58800,비행기표
d_d002504,1,주차비,0,자가용(승용/승합/트럭 등등),1,,,,,12000,
d_d009590,2,렌탈비,0,렌터카(승용/승합/버스 등등),4,,,,,476000,
d_d003474,9,교통비,0,항공기,2,,,,,210000,비행기표
a_a017275,1,주유비,0,자가용(승용/승합/트럭 등등),2,,,,,50000,
d_d005060,1,주차비,0,자가용(승용/승합/트럭 등등),1,,,,,2000,
d_d000729,1,통행료,0,자가용(승용/승합/트럭 등등),4,,,,,2400,
d_d000281,1,주차비,0,자가용(승용/승합/트럭 등등),3,,,,,15000,
d_d006712,1,주유비,0,자가용(승용/승합/트럭 등등),2,,,,,10000,
d_d003277,2,렌탈비,0,렌터카(승용/승합/버스 등등),2,,,,,129000,
d_d009391,4,교통비,1,택시,2,1321435837,개인택시,2022/10/30 16:02,1,12600,택시비
d_d010177,9,교통비,1,항공기,1,1018194800,(주)티웨이항공,2022/10/27 0:00,1,126400,비행기표
d_d007374,2,주차비,0,렌터카(승용/승합/버스 등등),1,,,,,1000,
d_d001296,9,교통비,0,항공기,1,,,,,167400,비행기표
d_d000511,1,주유비,0,자가용(승용/승합/트럭 등등),2,,,,,5800,
d_d001373,9,교통비,2,항공기,2,2208155597,(주)케이지이니시스,2022/08/26 12:47,1,2000,비행기표
d_d011430,2,렌탈비,0,렌터카(승용/승합/버스 등등),5,,,,,314720,
d_d001701,2,렌탈비,1,렌터카(승용/승합/버스 등등),4,,,2022/10/10 8:00,1,195800,렌트비
d_d000105,50,교통비,0,버스 + 지하철,1,,,,,2700,
d_d001892,2,렌탈비,0,렌터카(승용/승합/버스 등등),4,,,,,380600,
d_d002225,50,교통비,0,버스 + 지하철,3,,,,,3450,
c_c000100,1,주유비,0,자가용(승용/승합/트럭 등등),3,,,,,110000,
d_d000685,2,주유비,0,렌터카(승용/승합/버스 등등),2,,,,,15000,
d_d009124,2,렌탈비,0,렌터카(승용/승합/버스 등등),2,,,,,103500,
d_d002089,4,교통비,1,택시,2,,,2022/10/06 10:53,1,7000,
d_d000896,4,교통비,1,택시,1,,,2022/08/24 11:15,1,10700,택시비
d_d000511,9,교통비,0,항공기,2,,,,,282200,비행기표
d_d004703,9,교통비,2,항공기,1,,,2022/10/06 14:43,1,29900,비행기표
d_d000243,4,교통비,1,택시,2,,,2022/08/18 6:34,1,9600,택시비
c_c006857,2,렌탈비,1,렌터카(승용/승합/버스 등등),2,,,,1,87058,렌트비
d_d000022,2,주차비,0,렌터카(승용/승합/버스 등등),1,,,,,4000,
d_d000693,2,주유비,0,렌터카(승용/승합/버스 등등),1,,,,,48000,
d_d010997,4,교통비,3,택시,3,6168102398,주영택시(주),2022/11/02 19:02,1,4300,택시비
d_d002801,9,교통비,3,항공기,1,6168150527,(주)제주항공,2022/10/01 11:01,1,48400,비행기표
d_d000429,9,교통비,0,항공기,2,,,,,240000,비행기표
d_d001463,4,교통비,0,택시,2,,,,,12000,
d_d001409,50,교통비,0,버스 + 지하철,5,,,,,11000,
d_d009342,2,주유비,0,렌터카(승용/승합/버스 등등),1,,,,,16879,
d_d000395,9,교통비,0,항공기,3,,,,,638400,
d_d004356,1,주차비,0,자가용(승용/승합/트럭 등등),2,,,,,2000,
d_d002252,2,주유비,0,렌터카(승용/승합/버스 등등),2,,,,,60000,
d_d001276,2,렌탈비,0,렌터카(승용/승합/버스 등등),6,,,,,576000,
b_b001930,9,교통비,0,항공기,1,,,,,212800,
a_a003675,1,주유비,0,자가용(승용/승합/트럭 등등),2,,,,,20000,
d_d002162,9,교통비,11,항공기,1,,청주공항,,1,5600,비행기표
d_d010040,2,렌탈비,1,렌터카(승용/승합/버스 등등),3,,,2022/10/29 17:00,1,99100,렌트비
d_d009603,50,교통비,0,버스 + 지하철,3,,,,,7400,
d_d000499,50,교통비,0,버스 + 지하철,1,,,,,18000,
d_d004444,4,교통비,1,택시,2,1048183559,주식회사 티머니,2022/10/14 16:43,1,6400,택시비
d_d011821,9,교통비,2,항공기,1,1018194800,(주)티웨이항공,2022/10/16 0:00,1,85400,비행기표
d_d009164,1,주차비,0,자가용(승용/승합/트럭 등등),2,,,,,30000,
d_d007602,16,교통비,0,기타,2,,,,,40000,
d_d002035,10,교통비,1,배/선박,1,6168145193,우도해운(주),2022/10/19 14:59,1,19500,승선권/대인;승선권/중/소형;입장료/차량C
d_d005364,1,주유비,0,자가용(승용/승합/트럭 등등),1,,,,,20000,
d_d001220,9,교통비,0,항공기,3,,,,,396000,비행기표
d_d001716,9,교통비,0,항공기,2,,,,,281200,비행기표
d_d001533,2,주유비,0,렌터카(승용/승합/버스 등등),2,,,,,17000,
d_d002264,9,교통비,0,항공기,1,,,,,149000,비행기표
d_d007058,1,주유비,0,자가용(승용/승합/트럭 등등),2,,,,,10000,
d_d002439,2,렌탈비,0,렌터카(승용/승합/버스 등등),6,,,,,294000,
d_d001738,2,렌탈비,1,렌터카(승용/승합/버스 등등),3,,,2022/09/21 13:59,1,45600,렌트비
d_d004371,1,주유비,0,자가용(승용/승합/트럭 등등),3,,,,,50000,
d_d000241,9,교통비,0,항공기,2,,,,,212000,비행기표
d_d000429,1,주유비,11,자가용(승용/승합/트럭 등등),2,6162683470,함덕엘피지충전소,2022/08/25 13:38,1,50000,주유비 부탄(LPG)
d_d004491,1,주유비,0,자가용(승용/승합/트럭 등등),2,,,,,10000,
d_d010178,1,주차비,11,자가용(승용/승합/트럭 등등),2,,중앙공영주차빌딩,2022/10/30 12:44,1,500,주차비
d_d001818,9,교통비,1,항공기,7,6168150527,(주)제주항공,2022/09/19 0:00,1,521200,비행기표
d_d003442,9,교통비,2,항공기,2,1108114794,(주)대한항공,2022/10/06 21:44,1,67400,비행기표
d_d001701,50,교통비,0,버스 + 지하철,1,,,,,5000,
d_d005167,1,주차비,0,자가용(승용/승합/트럭 등등),1,,,,,2000,
d_d002411,2,주유비,0,렌터카(승용/승합/버스 등등),3,,,,,15000,
d_d000608,2,렌탈비,0,렌터카(승용/승합/버스 등등),2,,,,,339900,
d_d005975,1,주유비,11,자가용(승용/승합/트럭 등등),4,6163079935,이좋은주유소,2022/10/24 15:59,1,20000,주유비
d_d004227,1,주유비,0,자가용(승용/승합/트럭 등등),5,,,,,100000,
d_d001558,10,교통비,0,배/선박,2,,,,,36000,
d_d000150,2,렌탈비,2,렌터카(승용/승합/버스 등등),1,2998700969,레인보우모빌리티주식회사,2022/08/14 8:24,1,30000,
d_d001666,2,주유비,0,렌터카(승용/승합/버스 등등),1,,,,,57000,
d_d007374,9,교통비,2,항공기,1,1048117480,아시아나항공㈜,2022/10/21 2:19,1,46400,비행기표
d_d009903,1,주유비,11,자가용(승용/승합/트럭 등등),2,2750501796,제주가스충전소,2022/11/02 17:20,1,22451,주유비
d_d001457,9,교통비,0,항공기,2,,,,,425600,
d_d001326,1,주유비,0,자가용(승용/승합/트럭 등등),6,,,,,60000,
d_d002080,4,교통비,2,택시,2,,,2022/10/02 8:07,1,24460,택시비
c_c000024,1,통행료,0,자가용(승용/승합/트럭 등등),1,,,,,40000,
d_d010107,9,교통비,11,항공기,2,,TRIP.COM,2022/10/16 19:59,1,255600,비행기표
d_d004370,2,렌탈비,3,렌터카(승용/승합/버스 등등),1,6168190529,주식회사 쏘카,2022/10/29 18:48,1,10840,렌트비
d_d000044,4,교통비,0,택시,1,,,,,33500,
d_d005089,9,교통비,0,항공기,1,,,,,223200,비행기표
d_d003510,9,교통비,0,항공기,1,,,,,106770,비행기표
d_d000014,1,주차비,11,자가용(승용/승합/트럭 등등),5,1098522730,김포공항,2022/08/19 0:00,1,54200,주차비
d_d001447,9,교통비,0,항공기,2,,,,,425600,
c_c000263,2,렌탈비,1,렌터카(승용/승합/버스 등등),3,6138136598,금송운수(주),2022/08/18 11:32,1,7500,
d_d002507,2,렌탈비,1,렌터카(승용/승합/버스 등등),2,,,2022/10/08 9:35,1,69200,
d_d003925,9,교통비,3,항공기,5,1018194800,(주)티웨이항공,2022/04/28 0:00,1,322700,비행기표
d_d005084,9,교통비,0,항공기,2,,,,,210000,비행기표
c_c001848,1,통행료,0,자가용(승용/승합/트럭 등등),2,,,,,8200,
c_c001346,1,주유비,0,자가용(승용/승합/트럭 등등),6,,,,,100000,
d_d002824,11,교통비,0,관광버스,2,,,,,71600,
d_d002798,2,주유비,0,렌터카(승용/승합/버스 등등),3,,,,,60000,
c_c000263,1,통행료,0,자가용(승용/승합/트럭 등등),3,,,,,26900,
b_b002878,1,주유비,0,자가용(승용/승합/트럭 등등),2,,,,,150000,
a_a002231,1,주차비,11,자가용(승용/승합/트럭 등등),1,1071865798,IFC서울관리단,2022/09/13 11:45,1,12000,주차비
d_d002459,2,주유비,0,렌터카(승용/승합/버스 등등),1,,,,,80000,
b_b006607,1,통행료,0,자가용(승용/승합/트럭 등등),1,,,,,20000,
d_d012489,1,주유비,0,자가용(승용/승합/트럭 등등),2,,,,,48340,
d_d009331,9,교통비,2,항공기,2,8258100091,에어서울,2022/11/02 0:00,1,82600,비행기표
d_d004061,50,교통비,0,버스 + 지하철,1,,,,,17500,
d_d003287,2,렌탈비,1,렌터카(승용/승합/버스 등등),1,6460500330,스쿠터천국,2022/10/20 8:47,1,40000,
d_d003907,2,주차비,0,렌터카(승용/승합/버스 등등),4,,,,,1000,
c_c001916,1,통행료,0,자가용(승용/승합/트럭 등등),1,,,,,8800,
d_d000842,10,교통비,0,배/선박,2,,,,,20000,
c_c006429,1,주차비,0,자가용(승용/승합/트럭 등등),4,,,,,5000,
d_d001521,1,통행료,0,자가용(승용/승합/트럭 등등),3,,,,,6200,
d_d000315,1,주유비,0,자가용(승용/승합/트럭 등등),3,,,,,20000,
d_d004801,2,주유비,0,렌터카(승용/승합/버스 등등),4,,,,,30000,
d_d004101,50,교통비,0,버스 + 지하철,3,,,,,7800,
d_d000278,2,렌탈비,0,렌터카(승용/승합/버스 등등),1,,,,,439200,
d_d000540,2,주유비,0,렌터카(승용/승합/버스 등등),2,,,,,41850,
d_d001387,4,교통비,4,택시,2,,,2022/09/17 22:12,1,10700,택시비
d_d006036,1,주유비,0,자가용(승용/승합/트럭 등등),2,,,,,25000,
d_d005344,4,교통비,3,택시,2,6162463164,세기교통,2022/10/13 14:04,1,7900,택시비
d_d010490,2,렌탈비,0,렌터카(승용/승합/버스 등등),4,,,,,65000,
d_d010281,2,렌탈비,13,렌터카(승용/승합/버스 등등),2,,뉴대한렌트카,,5,73040,렌트비
d_d009488,2,주유비,0,렌터카(승용/승합/버스 등등),2,,,,,30000,
d_d010671,2,렌탈비,0,렌터카(승용/승합/버스 등등),1,,,,,115000,
d_d003099,9,교통비,0,항공기,4,,,,,872000,비행기표
d_d002810,2,렌탈비,0,렌터카(승용/승합/버스 등등),4,,,,,200000,
d_d010272,4,교통비,0,택시,1,,,,,9200,
d_d003194,2,렌탈비,0,렌터카(승용/승합/버스 등등),3,,,,,293820,
d_d003537,10,교통비,0,배/선박,1,,,,,9000,
d_d000305,2,주차비,0,렌터카(승용/승합/버스 등등),2,,,,,2000,
c_c000737,1,주유비,0,자가용(승용/승합/트럭 등등),2,,,,,68000,
d_d005344,4,교통비,5,택시,2,4876100493,개인택시,2022/10/12 11:59,1,11100,택시비
d_d011690,50,교통비,0,버스 + 지하철,2,,,,,9200,
d_d004693,4,교통비,0,택시,2,,,,,26000,
d_d000856,9,교통비,1,항공기,2,1218189086,주식회사 진에어,2022/08/02 17:47,1,167200,비행기표
a_a011778,2,렌탈비,1,렌터카(승용/승합/버스 등등),1,,,2022/10/25 14:00,1,42520,렌트비
d_d006715,2,주유비,0,렌터카(승용/승합/버스 등등),1,,,,,40000,
d_d002758,2,주차비,0,렌터카(승용/승합/버스 등등),3,,,,,1800,
d_d008039,9,교통비,1,항공기,3,1018194800,(주)티웨이항공,2022/09/20 15:18,1,173200,비행기표
d_d003507,2,렌탈비,0,렌터카(승용/승합/버스 등등),4,,,,,138400,
d_d001416,1,주유비,11,자가용(승용/승합/트럭 등등),2,3723900282,연동주유소,2022/09/12 12:31,1,50000,주유비
d_d002432,2,주유비,0,렌터카(승용/승합/버스 등등),5,,,,,50000,
a_a000169,1,주차비,0,자가용(승용/승합/트럭 등등),4,,,,,500,
d_d007782,2,렌탈비,12,렌터카(승용/승합/버스 등등),2,,제주다움렌트카,,1,47500,렌트비
b_b000708,1,주유비,0,자가용(승용/승합/트럭 등등),3,,,,,50000,
d_d002227,8,교통비,0,새마을/무궁화열차,2,,,,,9400,기차표
d_d010207,2,주유비,0,렌터카(승용/승합/버스 등등),3,,,,,60000,
d_d001048,1,주유비,0,자가용(승용/승합/트럭 등등),3,,,,,60000,
d_d001844,9,교통비,1,항공기,4,1018194800,(주)티웨이항공,2022/02/20 19:40,1,265600,비행기표
d_d007572,10,교통비,1,배/선박,4,6168145193,우도해운(주),2022/10/30 10:46,1,33300,(왕복)승/대인;(왕복)승/소인;입장료/어른;입장료/청소년;입장료/어린이
d_d002028,1,주유비,0,자가용(승용/승합/트럭 등등),1,,,,,18139,
d_d001589,1,통행료,0,자가용(승용/승합/트럭 등등),2,,,,,8800,
d_d003049,9,교통비,0,항공기,4,,,,,750000,비행기표
d_d007017,4,교통비,2,택시,2,6168102796,(유)우일교통,2022/10/25 18:26,1,4400,택시비
d_d000914,4,교통비,0,택시,1,,,,,26400,
d_d001350,1,주유비,0,자가용(승용/승합/트럭 등등),1,,,,,5000,
d_d004454,9,교통비,1,항공기,1,1048117480,아시아나항공㈜,2022/10/08 12:20,1,38800,비행기표
d_d009281,1,주차비,0,자가용(승용/승합/트럭 등등),5,,,,,3000,
d_d007503,50,교통비,0,버스 + 지하철,2,,,,,3500,
b_b001015,1,주차비,0,자가용(승용/승합/트럭 등등),4,,,,,10100,
d_d003179,50,교통비,0,버스 + 지하철,2,,,,,40400,
d_d010113,9,교통비,0,항공기,1,,,,,175000,비행기표
d_d006690,10,교통비,2,배/선박,2,6168145193,우도해운(주),2022/10/21 11:42,1,26200,승선권/대인;승선권/대형;입장료/차량C
d_d001592,1,주차비,0,자가용(승용/승합/트럭 등등),2,,,,,34000,
b_b005863,7,교통비,0,KTX/SRT(고속열차),1,,,,,13000,기차표
b_b014606,1,통행료,0,자가용(승용/승합/트럭 등등),2,,,,,6000,
d_d002681,2,렌탈비,12,렌터카(승용/승합/버스 등등),10,,주식회사 땡큐제주렌트카,2022/06/29 0:00,1,299250,렌트비
d_d010447,2,렌탈비,1,렌터카(승용/승합/버스 등등),1,,,2022/10/31 10:05,1,97840,렌트비
d_d001279,2,주차비,0,렌터카(승용/승합/버스 등등),2,,,,,9000,
d_d004725,10,교통비,1,배/선박,3,,,2022/10/10 9:00,1,281610,승선권
d_d001925,9,교통비,2,항공기,2,6168150527,(주)제주항공,2022/09/06 15:34,1,258400,비행기표
d_d004451,10,교통비,1,배/선박,2,6168145193,우도해운(주),2022/10/30 11:27,1,20000,(왕복)승/대인;입장료/어른
d_d000148,9,교통비,0,항공기,2,,,,,332800,
d_d001554,4,교통비,2,택시,2,6161626373,,2022/09/23 9:59,1,3300,택시비
d_d010444,2,주유비,0,렌터카(승용/승합/버스 등등),1,,,,,30000,
d_d003474,1,통행료,0,자가용(승용/승합/트럭 등등),2,,,,,11000,
d_d010433,2,주차비,0,렌터카(승용/승합/버스 등등),2,,,,,4000,
d_d000058,1,주차비,0,자가용(승용/승합/트럭 등등),2,,,,,30000,
d_d000022,2,렌탈비,0,렌터카(승용/승합/버스 등등),1,,,,,434720,
d_d004179,1,주유비,0,자가용(승용/승합/트럭 등등),2,,,,,30000,
a_a001479,10,교통비,11,배/선박,1,1378204361,세종해운(주)월미사업부,2022/08/27 11:40,1,12400,승선권
c_c002969,1,주차비,11,자가용(승용/승합/트럭 등등),2,6128202729,국립공원관리공단,2022/09/23 11:30,3,4000,주차비
d_d003572,1,주차비,0,자가용(승용/승합/트럭 등등),2,,,,,6800,
d_d005029,1,주유비,0,자가용(승용/승합/트럭 등등),1,,,,,50000,
d_d005156,2,주유비,0,렌터카(승용/승합/버스 등등),1,,,,,80000,
d_d010419,4,교통비,0,택시,2,,,,,127320,
d_d004673,1,주유비,11,자가용(승용/승합/트럭 등등),2,6168198744,(주)무수천주유소,2022/10/21 18:28,1,30000,주유비
d_d004186,1,주차비,0,자가용(승용/승합/트럭 등등),5,,,,,2000,
d_d002560,4,교통비,0,택시,1,,,,,16500,
d_d005931,1,주차비,11,자가용(승용/승합/트럭 등등),1,6168300278,제주시청,2022/10/29 10:50,1,6000,주차비
d_d001902,50,교통비,0,버스 + 지하철,2,,,,,3000,
d_d005318,9,교통비,0,항공기,2,,,,,247020,비행기표
d_d001545,9,교통비,4,항공기,6,1018194800,(주)티웨이항공,2022/09/16 11:14,1,168000,비행기표
d_d002264,10,교통비,0,배/선박,1,,,,,10000,
d_d001934,4,교통비,13,택시,1,5028105228,영진운수(주),2022/10/05 16:12,1,6100,택시비
d_d006839,4,교통비,0,택시,2,,,,,13000,
d_d003157,50,교통비,0,버스 + 지하철,1,,,,,10000,
d_d003719,2,주유비,0,렌터카(승용/승합/버스 등등),7,,,,,100000,
b_b001010,10,교통비,1,배/선박,2,1908701036,(주)지세포관광유람선,2022/08/20 0:00,1,22000,외도 입장
c_c000637,1,통행료,0,자가용(승용/승합/트럭 등등),2,,,,,33700,
d_d011460,50,교통비,0,버스 + 지하철,1,,,,,9200,
d_d000724,1,주유비,0,자가용(승용/승합/트럭 등등),4,,,,,39000,
d_d000243,1,주유비,11,자가용(승용/승합/트럭 등등),2,2860101575,제주공항LPG충전소,2022/08/19 19:35,1,25000,주유비
d_d002812,50,교통비,0,버스 + 지하철,1,,,,,8000,
c_c002289,1,주차비,0,자가용(승용/승합/트럭 등등),4,,,,,750,
d_d005344,4,교통비,2,택시,2,6168102821,(유)대산운수,2022/10/13 15:29,1,4100,택시비
d_d003040,2,주유비,0,렌터카(승용/승합/버스 등등),4,,,,,15000,
d_d006711,4,교통비,0,택시,5,,,,,55500,
c_c003198,1,통행료,0,자가용(승용/승합/트럭 등등),3,,,,,12400,
d_d009017,16,교통비,0,기타,2,,,,,36000,
d_d002431,9,교통비,0,항공기,1,,,,,96950,비행기표
d_d001220,1,주차비,0,자가용(승용/승합/트럭 등등),3,,,,,29600,
d_d000561,16,교통비,0,기타,2,,,,,45000,
d_d001686,50,교통비,0,버스 + 지하철,1,,,,,3100,
c_c002185,1,주유비,0,자가용(승용/승합/트럭 등등),1,,,,,31000,
d_d000357,9,교통비,1,항공기,5,,,2022/07/11 22:20,1,6000,비행기표
d_d002378,9,교통비,0,항공기,1,,,,,73000,비행기표
d_d010311,9,교통비,1,항공기,1,2228700765,(주)하이에어,2022/11/05 10:55,1,88800,비행기표
d_d003090,2,렌탈비,0,렌터카(승용/승합/버스 등등),1,,,,,105200,
d_d003019,1,주유비,0,자가용(승용/승합/트럭 등등),8,,,,,30000,
d_d001368,2,렌탈비,0,렌터카(승용/승합/버스 등등),5,,,,,240000,
d_d003916,9,교통비,0,항공기,1,,,,,214800,비행기표
a_a000734,1,주유비,0,자가용(승용/승합/트럭 등등),1,,,,,60000,
d_d000263,9,교통비,1,항공기,2,1218189086,주식회사 진에어,2022/08/25 0:00,,0,비행기표
c_c000583,1,통행료,0,자가용(승용/승합/트럭 등등),6,,,,,38400,
d_d001280,50,교통비,0,버스 + 지하철,2,,,,,14000,
d_d011813,4,교통비,0,택시,1,,,,,5000,
d_d001347,1,주유비,11,자가용(승용/승합/트럭 등등),3,6162693037,굿모닝LPG충전소,2022/09/25 16:23,1,30000,주유비 차량용부탄
d_d000264,2,주유비,2,렌터카(승용/승합/버스 등등),3,2922700630,한동주유소,2022/08/21 14:18,1,50000,주유비
d_d007128,2,주유비,0,렌터카(승용/승합/버스 등등),9,,,,,70000,
a_a000439,2,주차비,0,렌터카(승용/승합/버스 등등),2,,,,,2000,
d_d001296,4,교통비,0,택시,1,,,,,40000,
d_d002564,10,교통비,1,배/선박,2,1078204813,한국해운조합,2022/10/20 0:00,1,28200, 승선권
d_d011538,2,주유비,0,렌터카(승용/승합/버스 등등),1,,,,,40000,
d_d007901,9,교통비,0,항공기,2,,,,,360000,비행기표
d_d000799,4,교통비,2,택시,1,6162290594,개인택시,2022/08/25 12:51,1,6900,택시비
d_d004370,2,렌탈비,2,렌터카(승용/승합/버스 등등),1,6168190529,주식회사 쏘카,2022/10/28 19:36,1,36400,렌트비
c_c008279,10,교통비,1,배/선박,3,1078204813,한국해운조합,2022/10/22 7:30,1,31200,승선권
d_d001300,9,교통비,1,항공기,1,1218189086,주식회사 진에어,2022/09/05 0:00,1,38600,비행기표
c_c001751,10,교통비,1,배/선박,2,1078204813,한국해운조합,2022/09/01 16:07,1,8200,
d_d004349,9,교통비,0,항공기,1,,,,,212800,
d_d000648,14,렌탈비,0,자전거,2,,,,,30000,
d_d002525,10,교통비,0,배/선박,1,,,,,29000,
d_d010347,50,교통비,0,버스 + 지하철,1,,,,,5900,
a_a000205,1,통행료,0,자가용(승용/승합/트럭 등등),2,,,,,20000,
d_d001615,16,교통비,0,기타,4,,,,,891840,
d_d000561,10,교통비,1,배/선박,2,6168145193,우도해운(주),2022/08/26 11:10,1,20000,(왕복)승/대인;입장료/어른
d_d000487,2,주유비,0,렌터카(승용/승합/버스 등등),1,,,,,50000,
d_d003270,4,교통비,0,택시,2,,,,,194060,
d_d002397,9,교통비,0,항공기,5,,,,,964100,비행기표
d_d000619,2,렌탈비,0,렌터카(승용/승합/버스 등등),2,,,,,50000,
d_d009206,2,주유비,0,렌터카(승용/승합/버스 등등),1,,,,,46000,
d_d001884,2,렌탈비,1,렌터카(승용/승합/버스 등등),1,6168603640,제주속으로,2022/10/09 19:16,1,26160,렌트비
c_c001068,2,렌탈비,1,렌터카(승용/승합/버스 등등),4,,,2022/09/05 1:00,1,385380,렌터카
d_d002958,2,주유비,0,렌터카(승용/승합/버스 등등),2,,,,,25000,
d_d002361,2,주차비,0,렌터카(승용/승합/버스 등등),3,,,,,10500,
d_d002846,2,주유비,3,렌터카(승용/승합/버스 등등),2,,,2022/10/11 17:09,1,20000,주유비
d_d010521,10,교통비,0,배/선박,2,,,,,45000,
d_d002533,4,교통비,0,택시,4,,,,,13500,
a_a001459,4,교통비,0,택시,3,,,,,12000,
d_d009631,9,교통비,2,항공기,1,,,2022/10/29 11:18,1,40300,비행기표
c_c003337,1,주유비,0,자가용(승용/승합/트럭 등등),2,,,,,70000,
d_d002137,2,주차비,0,렌터카(승용/승합/버스 등등),4,,,,,9500,
a_a001721,1,주유비,0,자가용(승용/승합/트럭 등등),2,,,,,55112,
d_d001784,4,교통비,2,택시,1,5024635361,택시,2022/09/30 5:24,1,4900,택시비
d_d004241,1,주차비,0,자가용(승용/승합/트럭 등등),4,,,,,2000,
d_d009588,9,교통비,0,항공기,2,,,,,278700,비행기표
d_d000791,50,교통비,0,버스 + 지하철,3,,,,,24750,
d_d004065,2,렌탈비,2,렌터카(승용/승합/버스 등등),3,5138163548,레츠고렌트카,2022/10/15 12:41,1,55000,렌트비
d_d002661,9,교통비,1,항공기,2,6168150527,(주)제주항공,2022/09/22 14:43,1,121200,비행기표
d_d003928,9,교통비,0,항공기,1,,,,,178200,비행기표
a_a004809,1,통행료,0,자가용(승용/승합/트럭 등등),2,,,,,18000,
d_d004251,1,주유비,0,자가용(승용/승합/트럭 등등),1,,,,,40000,
d_d009721,1,주유비,0,자가용(승용/승합/트럭 등등),2,,,,,20000,
d_d002713,9,교통비,1,항공기,2,1218189086,주식회사 진에어,2022/08/26 12:49,1,115600,비행기표
d_d004055,1,통행료,0,자가용(승용/승합/트럭 등등),2,,,,,3800,
d_d000175,9,교통비,2,항공기,4,,,2022/07/21 0:00,1,217200,비행기표
d_d000357,2,주유비,0,렌터카(승용/승합/버스 등등),4,,,,,100000,
d_d002183,50,교통비,0,버스 + 지하철,2,,,,,6200,
d_d000203,1,주유비,12,자가용(승용/승합/트럭 등등),1,1232268848,제주오케이충전소,2022/09/05 17:13,1,10000,주유비
d_d001784,2,렌탈비,2,렌터카(승용/승합/버스 등등),2,7398800561,디아이브이,2022/09/26 10:01,1,33000,[KD렌트카]면책자차;[KD렌트카]LF쏘나타+완전자차-LPG
a_a003218,4,교통비,0,택시,2,,,,,26600,
d_d012383,1,주유비,0,자가용(승용/승합/트럭 등등),1,,,,,30000,
d_d006832,50,교통비,0,버스 + 지하철,3,,,,,4350,
d_d000212,9,교통비,0,항공기,2,,,,,98000,비행기표
d_d009986,2,렌탈비,2,렌터카(승용/승합/버스 등등),2,6458800285,주식회사로그인렌트카,2022/11/03 10:05,1,10000,렌트비
d_d009219,9,교통비,0,항공기,1,,,,,158790,비행기표
d_d001775,4,교통비,0,택시,2,,,,,100000,
d_d002305,1,통행료,0,자가용(승용/승합/트럭 등등),4,,,,,4300,
d_d001713,2,주유비,0,렌터카(승용/승합/버스 등등),2,,,,,40000,
d_d010548,9,교통비,5,항공기,1,1048117480,아시아나항공㈜,2022/10/11 0:00,1,95400,비행기표
d_d001547,50,교통비,0,버스 + 지하철,2,,,,,7300,
a_a001912,1,주차비,11,자가용(승용/승합/트럭 등등),4,,전등사,2022/09/09 0:00,1,18000,어른개인;주차비
d_d001641,9,교통비,1,항공기,1,,,2022/08/08 21:51,1,66700,비행기표
d_d006004,1,주유비,0,자가용(승용/승합/트럭 등등),2,,,,,50000,
d_d001601,2,주차비,0,렌터카(승용/승합/버스 등등),2,,,,,600,
d_d006383,9,교통비,2,항공기,1,1048117480,아시아나항공㈜,2022/10/21 21:32,1,19400,비행기표
b_b002600,10,교통비,0,배/선박,3,,,,,117200,
d_d006383,2,주차비,0,렌터카(승용/승합/버스 등등),1,,,,,1000,
d_d007017,4,교통비,1,택시,2,3291900897,개인택시,2022/10/26 9:50,1,4400,택시비
d_d006123,4,교통비,0,택시,2,,,,,25000,
a_a004038,1,통행료,0,자가용(승용/승합/트럭 등등),2,,,,,19700,
d_d002821,2,렌탈비,1,렌터카(승용/승합/버스 등등),1,,,2022/10/18 21:30,1,196480,렌트비
d_d005977,4,교통비,1,택시,2,6162366465,,2022/10/18 17:24,1,4700,택시비
d_d001982,1,주유비,0,자가용(승용/승합/트럭 등등),2,,,,,87000,
d_d007400,4,교통비,1,택시,3,,,2022/10/28 7:02,3,7600,택시비
d_d000827,50,교통비,0,버스 + 지하철,1,,,,,6000,
d_d001216,9,교통비,0,항공기,8,,,,,1185000,비행기표
d_d000787,4,교통비,2,택시,2,6160954717,개인택시,2022/08/20 9:46,1,4700,택시비
d_d002101,1,주유비,0,자가용(승용/승합/트럭 등등),1,,,,,50000,
d_d010447,2,주유비,0,렌터카(승용/승합/버스 등등),1,,,,,50000,
d_d000793,50,교통비,0,버스 + 지하철,3,,,,,10000,
d_d000701,1,주유비,0,자가용(승용/승합/트럭 등등),4,,,,,77100,
a_a002392,1,주차비,0,자가용(승용/승합/트럭 등등),2,,,,,500,
d_d001115,4,교통비,0,택시,3,,,,,65000,
d_d010686,2,렌탈비,1,렌터카(승용/승합/버스 등등),1,,,2022/11/05 10:09,1,44100,렌트비
d_d000431,1,주차비,0,자가용(승용/승합/트럭 등등),2,,,,,7500,
d_d000447,2,주유비,0,렌터카(승용/승합/버스 등등),2,,,,,10000,
d_d001189,4,교통비,1,택시,2,,,2022/09/21 16:51,1,6900,택시비
d_d003510,8,교통비,0,새마을/무궁화열차,1,,,,,3900,기차표
d_d009973,14,렌탈비,1,자전거,1,,,2022/10/29 17:05,1,3900,전동 바이크 렌탈비
d_d004529,9,교통비,4,항공기,1,6058184518,에어부산 주식회사,2022/10/17 15:35,,0,비행기표
d_d001364,2,렌탈비,1,렌터카(승용/승합/버스 등등),3,1308650144,(주)무지개렌트카,2022/09/08 14:21,1,10000,렌트비
d_d000400,2,주유비,0,렌터카(승용/승합/버스 등등),2,,,,,67000,
c_c000855,1,주유비,0,자가용(승용/승합/트럭 등등),1,,,,,70000,
d_d010183,9,교통비,0,항공기,1,,,,,114600,비행기표
d_d009215,1,주유비,0,자가용(승용/승합/트럭 등등),2,,,,,20000,
d_d002109,10,교통비,1,배/선박,1,6168145193,우도해운(주),2022/10/05 9:14,1,10000,(왕복)승/대인;입장료/어른
c_c002783,1,주유비,0,자가용(승용/승합/트럭 등등),4,,,,,112794,
d_d010226,2,렌탈비,14,렌터카(승용/승합/버스 등등),2,,Sk렌트카 제주,,1,45000,렌트비
d_d005004,2,렌탈비,0,렌터카(승용/승합/버스 등등),1,,,,,30466,
d_d007431,9,교통비,0,항공기,1,,,,,192800,비행기표
a_a007611,1,주유비,0,자가용(승용/승합/트럭 등등),2,,,,,50000,
d_d002397,4,교통비,16,택시,5,,타다택시,,4,20700,택시비
d_d010533,50,교통비,0,버스 + 지하철,1,,,,,10000,
a_a001606,1,주차비,0,자가용(승용/승합/트럭 등등),1,,,,,4000,
d_d002184,50,교통비,0,버스 + 지하철,3,,,,,3600,
d_d003474,1,주유비,0,자가용(승용/승합/트럭 등등),2,,,,,30000,
a_a006450,1,주유비,0,자가용(승용/승합/트럭 등등),2,,,,,50000,
d_d002575,11,교통비,1,관광버스,3,,,2022/10/08 0:00,1,99000,중문감성투어;제주공항대형주차장
d_d002447,4,교통비,0,택시,3,,,,,23400,
d_d006792,1,주유비,11,자가용(승용/승합/트럭 등등),2,1361662043,태평양주유소,2022/10/24 17:35,1,22500,주유비
d_d000097,50,교통비,0,버스 + 지하철,6,,,,,15000,
d_d010299,14,렌탈비,1,자전거,2,6468600682,(주)하우마을레저,2022/10/31 11:40,1,30000,
d_d002342,2,주유비,0,렌터카(승용/승합/버스 등등),4,,,,,38000,
d_d001856,4,교통비,1,택시,4,6190921156,개인택시,2022/10/04 14:05,1,14800,택시비
d_d001651,2,렌탈비,0,렌터카(승용/승합/버스 등등),5,,,,,160000,
d_d004873,2,주차비,0,렌터카(승용/승합/버스 등등),2,,,,,2000,
d_d010870,2,주차비,0,렌터카(승용/승합/버스 등등),2,,,,,4000,
d_d000379,50,교통비,0,버스 + 지하철,1,,,,,3500,
d_d009039,50,교통비,0,버스 + 지하철,1,,,,,2500,
d_d006944,50,교통비,0,버스 + 지하철,2,,,,,9200,
d_d000956,2,렌탈비,0,렌터카(승용/승합/버스 등등),8,,,,,160000,
c_c002988,1,통행료,0,자가용(승용/승합/트럭 등등),6,,,,,21000,
d_d009621,2,렌탈비,11,렌터카(승용/승합/버스 등등),2,6168156860,(유한)제주현대렌트카,2022/11/02 17:58,1,16000,렌트비
d_d000351,2,주유비,0,렌터카(승용/승합/버스 등등),5,,,,,40000,
d_d011298,9,교통비,0,항공기,2,,,,,326800,비행기표
d_d002026,2,주유비,0,렌터카(승용/승합/버스 등등),2,,,,,30000,
d_d001834,9,교통비,1,항공기,1,1108114794,(주)대한항공,2022/09/29 0:00,1,22700,비행기표
d_d002447,9,교통비,0,항공기,2,,,,,350000,비행기표
d_d003789,50,교통비,0,버스 + 지하철,1,,,,,2200,
d_d003232,50,교통비,0,버스 + 지하철,1,,,,,30000,
d_d001325,2,주유비,0,렌터카(승용/승합/버스 등등),2,,,,,30000,
d_d001356,2,렌탈비,0,렌터카(승용/승합/버스 등등),4,,,,,70000,
d_d011377,4,교통비,2,택시,1,,,2022/11/04 15:10,1,4000,택시비
d_d003527,1,주차비,0,자가용(승용/승합/트럭 등등),1,,,,,5500,
d_d009090,2,렌탈비,0,렌터카(승용/승합/버스 등등),2,,,,,313000,
d_d001540,50,교통비,0,버스 + 지하철,1,,,,,6750,
d_d007770,2,주유비,0,렌터카(승용/승합/버스 등등),3,,,,,40000,
d_d003715,50,교통비,0,버스 + 지하철,5,,,,,12300,
d_d002808,1,주차비,12,자가용(승용/승합/트럭 등등),2,3018520532,청주공항,2022/10/23 17:28,1,10000,주차비
d_d005116,9,교통비,0,항공기,1,,,,,197000,비행기표
a_a000518,1,주유비,0,자가용(승용/승합/트럭 등등),2,,,,,40000,
d_d001582,1,주유비,0,자가용(승용/승합/트럭 등등),1,,,,,30000,
d_d000799,2,주유비,0,렌터카(승용/승합/버스 등등),1,,,,,25000,
d_d001934,1,주유비,11,자가용(승용/승합/트럭 등등),1,6168214455,한림농협주유소,2022/10/02 9:04,1,30000,주유비
d_d006042,10,교통비,2,배/선박,1,6168145193,우도해운(주),2022/10/23 15:56,1,4500,승선권
b_b006586,1,통행료,0,자가용(승용/승합/트럭 등등),1,,,,,13200,
d_d001035,9,교통비,2,항공기,1,5668801036,(주)네이처모빌리티,2022/09/12 11:10,1,143350,비행기표
d_d001060,9,교통비,0,항공기,2,,,,,255400,비행기표
d_d003169,2,렌탈비,2,렌터카(승용/승합/버스 등등),2,6168190529,주식회사 쏘카,2022/10/11 18:52,1,46670,렌트비
d_d005567,50,교통비,0,버스 + 지하철,2,,,,,6900,
d_d009732,1,주차비,0,자가용(승용/승합/트럭 등등),2,,,,,1800,
d_d009242,2,렌탈비,1,렌터카(승용/승합/버스 등등),3,,,2022/11/05 0:00,1,35000,렌트비
d_d003704,1,주유비,11,자가용(승용/승합/트럭 등등),4,6161874170,명품주유소,2022/10/21 12:11,1,70000,주유비
d_d011816,1,주유비,0,자가용(승용/승합/트럭 등등),1,,,,,50000,
d_d001279,2,주유비,0,렌터카(승용/승합/버스 등등),2,,,,,11000,
d_d000918,50,교통비,0,버스 + 지하철,3,,,,,106800,
d_d011460,4,교통비,0,택시,1,,,,,170000,
d_d003742,2,렌탈비,0,렌터카(승용/승합/버스 등등),2,,,,,255960,
d_d001353,9,교통비,1,항공기,1,,,2022/09/01 7:23,1,31700,비행기표
d_d004817,4,교통비,5,택시,2,2883500484,개인택시,2022/10/27 6:42,1,7200,택시비
b_b004253,1,주유비,0,자가용(승용/승합/트럭 등등),2,,,,,50000,
a_a002300,1,통행료,0,자가용(승용/승합/트럭 등등),2,,,,,3100,
c_c000174,1,주유비,0,자가용(승용/승합/트럭 등등),1,,,,,100000,
d_d003763,9,교통비,0,항공기,2,,,,,360000,비행기표
d_d007149,50,교통비,0,버스 + 지하철,1,,,,,18250,
d_d009590,2,주차비,0,렌터카(승용/승합/버스 등등),4,,,,,3500,
d_d001639,1,주차비,0,자가용(승용/승합/트럭 등등),2,,,,,19800,
d_d009833,50,교통비,0,버스 + 지하철,1,,,,,4600,
d_d005917,2,렌탈비,3,렌터카(승용/승합/버스 등등),2,,,2022/10/15 0:00,1,33060,렌트비
d_d007452,1,통행료,0,자가용(승용/승합/트럭 등등),4,,,,,1300,
d_d006321,50,교통비,0,버스 + 지하철,1,,,,,10000,
d_d002426,50,교통비,0,버스 + 지하철,2,,,,,3500,
d_d009107,16,교통비,0,기타,2,,,,,251800,
d_d004153,4,교통비,1,택시,1,,,2022/10/31 16:14,1,9300,택시비
d_d001144,2,렌탈비,0,렌터카(승용/승합/버스 등등),1,,,,,56000,
d_d001610,9,교통비,1,항공기,4,8258100091,에어서울,2022/10/04 19:03,1,81300,비행기표
d_d002973,9,교통비,1,항공기,2,1108114794,(주)대한항공,2022/08/09 0:00,1,26000,비행기표
b_b010319,1,주유비,0,자가용(승용/승합/트럭 등등),2,,,,,50000,
d_d002485,2,주유비,0,렌터카(승용/승합/버스 등등),2,,,,,55000,
d_d002560,9,교통비,11,항공기,1,,트립닷컴,2022/08/22 14:53,1,110100,비행기표
a_a013806,1,주유비,0,자가용(승용/승합/트럭 등등),5,,,,,44000,
a_a007125,2,주차비,0,렌터카(승용/승합/버스 등등),2,,,,,7000,
d_d001360,50,교통비,0,버스 + 지하철,2,,,,,9400,
d_d001755,2,주유비,0,렌터카(승용/승합/버스 등등),2,,,,,8000,
d_d002033,1,주차비,0,자가용(승용/승합/트럭 등등),3,,,,,40000,
a_a000394,50,교통비,0,버스 + 지하철,5,,,,,4950,
c_c003189,1,주차비,0,자가용(승용/승합/트럭 등등),4,,,,,3400,
c_c003698,1,통행료,0,자가용(승용/승합/트럭 등등),5,,,,,15600,
d_d000507,8,교통비,1,새마을/무궁화열차,2,3148210024,한국철도공사,2022/08/16 0:26,1,3700,기차표 어른1매
a_a004407,50,교통비,0,버스 + 지하철,1,,,,,3000,
d_d001275,4,교통비,0,택시,1,,,,,90300,
d_d008211,2,렌탈비,0,렌터카(승용/승합/버스 등등),2,,,,,110500,
d_d005005,2,주유비,0,렌터카(승용/승합/버스 등등),2,,,,,60000,
d_d001432,9,교통비,0,항공기,1,,,,,170700,비행기표
d_d000676,1,주유비,0,자가용(승용/승합/트럭 등등),1,,,,,10000,
c_c009359,50,교통비,0,버스 + 지하철,2,,,,,7200,
d_d002729,4,교통비,0,택시,1,,,,,47100,
d_d011147,4,교통비,3,택시,4,,,2022/11/06 6:44,1,6400,택시비
d_d008966,2,주차비,0,렌터카(승용/승합/버스 등등),4,,,,,1000,
d_d004100,2,렌탈비,0,렌터카(승용/승합/버스 등등),2,,,,,367050,
d_d001427,10,교통비,0,배/선박,2,,,,,20000,
d_d003096,4,교통비,0,택시,1,,,,,21000,
d_d002670,1,주유비,0,자가용(승용/승합/트럭 등등),1,,,,,24280,
d_d000692,2,주차비,0,렌터카(승용/승합/버스 등등),2,,,,,10000,
d_d010113,2,주유비,0,렌터카(승용/승합/버스 등등),3,,,,,40000,
d_d006204,1,주차비,0,자가용(승용/승합/트럭 등등),3,,,,,29800,
d_d002152,1,주유비,0,자가용(승용/승합/트럭 등등),2,,,,,5000,
c_c002769,1,주유비,0,자가용(승용/승합/트럭 등등),2,,,,,100000,
d_d005963,4,교통비,4,택시,1,,,2022/10/17 11:25,1,5300,택시비
d_d000429,2,주유비,0,렌터카(승용/승합/버스 등등),2,,,,,80000,
d_d001994,1,주차비,0,자가용(승용/승합/트럭 등등),4,,,,,28500,
d_d002930,50,교통비,0,버스 + 지하철,2,,,,,8000,
b_b003984,4,교통비,1,택시,3,,,2022/09/26 13:40,1,8920,택시비
d_d000043,9,교통비,2,항공기,3,1218189086,주식회사 진에어,2022/07/17 19:22,1,290400,비행기표
d_d009068,16,교통비,0,기타,2,,,,,391800,
d_d002476,2,주유비,0,렌터카(승용/승합/버스 등등),5,,,,,40000,
d_d009967,9,교통비,0,항공기,1,,,,,78390,비행기표
d_d003049,1,주유비,0,자가용(승용/승합/트럭 등등),4,,,,,50000,
d_d001038,2,렌탈비,0,렌터카(승용/승합/버스 등등),2,,,,,396500,
b_b009947,1,주유비,0,자가용(승용/승합/트럭 등등),2,,,,,122000,
a_a003158,10,교통비,1,배/선박,1,1378204361,세종해운(주)월미사업부,2022/10/01 11:37,1,2400,승선권 일반대인
d_d000126,4,교통비,1,택시,1,,,2022/08/09 5:42,1,12500,택시비
b_b001056,10,교통비,2,배/선박,1,1078204813,한국해운조합,2022/08/18 0:00,1,6000,승선권
c_c001916,1,주유비,0,자가용(승용/승합/트럭 등등),1,,,,,60000,
d_d004872,50,교통비,0,버스 + 지하철,1,,,,,7000,
d_d005540,2,주유비,0,렌터카(승용/승합/버스 등등),3,,,,,50000,
d_d004834,9,교통비,1,항공기,2,1048117480,아시아나항공㈜,2022/10/14 0:00,1,278800,비행기표
d_d010612,9,교통비,0,항공기,3,,,,,450000,비행기표
d_d003065,4,교통비,0,택시,3,,,,,59400,
b_b010058,1,통행료,0,자가용(승용/승합/트럭 등등),2,,,,,21100,
c_c006685,10,교통비,11,배/선박,20,6218614983,해마여행,2022/10/21 12:27,1,200000,승선권
d_d000537,1,주차비,0,자가용(승용/승합/트럭 등등),2,,,,,37000,
d_d003422,1,주차비,11,자가용(승용/승합/트럭 등등),2,6031518190,대한주차장,2022/10/27 0:00,1,12000,주차비
d_d004763,2,렌탈비,0,렌터카(승용/승합/버스 등등),1,,,,,15900,
d_d004770,8,교통비,0,새마을/무궁화열차,1,,,,,4500,기차표
d_d000274,2,렌탈비,0,렌터카(승용/승합/버스 등등),4,,,,,360600,
d_d004349,2,주유비,0,렌터카(승용/승합/버스 등등),2,,,,,17000,
b_b003951,1,통행료,0,자가용(승용/승합/트럭 등등),2,,,,,20000,
d_d004195,9,교통비,2,항공기,2,,,,1,166200,비행기표
d_d000288,4,교통비,0,택시,2,,,,,129700,
c_c002138,1,통행료,0,자가용(승용/승합/트럭 등등),3,,,,,16600,
d_d009054,2,렌탈비,0,렌터카(승용/승합/버스 등등),3,,,,,120000,
d_d004961,4,교통비,1,택시,2,2773800864,택시,2022/10/17 23:29,1,24360,택시비
d_d009659,50,교통비,0,버스 + 지하철,1,,,,,2000,
d_d004698,50,교통비,0,버스 + 지하철,1,,,,,2500,
d_d007759,2,렌탈비,0,렌터카(승용/승합/버스 등등),2,,,,,41400,
d_d000663,9,교통비,0,항공기,2,,,,,226400,비행기표
d_d011469,1,주유비,0,자가용(승용/승합/트럭 등등),1,,,,,60000,
d_d003364,2,주차비,0,렌터카(승용/승합/버스 등등),2,,,,,3000,
d_d009245,2,렌탈비,2,렌터카(승용/승합/버스 등등),1,,,2022/11/01 23:30,1,18780,
d_d010177,4,교통비,0,택시,1,,,,,89200,
d_d003156,2,렌탈비,1,렌터카(승용/승합/버스 등등),4,2118841856,주식회사티몬,2022/08/31 0:00,1,167400,렌트비
d_d005935,1,주유비,0,자가용(승용/승합/트럭 등등),4,,,,,30000,
d_d005563,11,교통비,1,관광버스,1,,,2022/10/12 0:00,1,39800,제주도버스투어 일일투어 뚜벅이...
d_d001473,2,주유비,0,렌터카(승용/승합/버스 등등),2,,,,,17998,
d_d006731,2,주유비,0,렌터카(승용/승합/버스 등등),4,,,,,50000,
d_d000496,9,교통비,3,항공기,2,1048117480,아시아나항공㈜,2022/08/16 22:18,3,160000,비행기표
d_d007475,4,교통비,2,택시,1,,,2022/10/23 23:16,1,5400,택시비
d_d001836,9,교통비,11,항공기,1,6168150527,(주)제주항공,2022/10/16 20:23,1,16000,비행기표
d_d000247,50,교통비,0,버스 + 지하철,2,,,,,24800,
d_d002757,9,교통비,1,항공기,6,1048117480,아시아나항공㈜,2022/09/23 21:44,1,249400,비행기표
d_d002969,2,주유비,0,렌터카(승용/승합/버스 등등),2,,,,,50000,
d_d000538,2,주유비,0,렌터카(승용/승합/버스 등등),2,,,,,33374,
d_d001944,4,교통비,0,택시,1,,,,,17000,
d_d000849,2,주유비,0,렌터카(승용/승합/버스 등등),3,,,,,64000,
d_d004589,2,렌탈비,1,렌터카(승용/승합/버스 등등),2,6168531697,(주)제주제일렌트카제주지점,2022/10/13 17:16,1,68000,
d_d003120,50,교통비,0,버스 + 지하철,4,,,,,8000,
b_b002796,2,렌탈비,0,렌터카(승용/승합/버스 등등),2,,,,,145340,
d_d004615,2,렌탈비,0,렌터카(승용/승합/버스 등등),1,,,,,135000,
d_d002193,1,주차비,0,자가용(승용/승합/트럭 등등),3,,,,,600,
d_d006855,2,주차비,0,렌터카(승용/승합/버스 등등),2,,,,,2500,
d_d006322,4,교통비,1,택시,2,6162380604,,2022/10/22 22:25,1,5600,택시비
d_d006042,10,교통비,1,배/선박,1,6168145193,우도해운(주),2022/10/22 16:58,1,4500,승선권/대인
d_d006711,2,주유비,0,렌터카(승용/승합/버스 등등),5,,,,,90000,
d_d005410,4,교통비,0,택시,2,,,,,6100,
d_d000677,9,교통비,0,항공기,3,,,,,800000,비행기표
d_d002359,50,교통비,0,버스 + 지하철,2,,,,,34000,
c_c008279,1,통행료,0,자가용(승용/승합/트럭 등등),2,,,,,5000,
d_d003636,1,주유비,0,자가용(승용/승합/트럭 등등),1,,,,,30000,
d_d002440,9,교통비,0,항공기,2,,,,,425600,
d_d007759,9,교통비,0,항공기,1,,,,,155900,비행기표
d_d001292,1,주차비,0,자가용(승용/승합/트럭 등등),4,,,,,40000,
d_d004256,1,주유비,0,자가용(승용/승합/트럭 등등),4,,,,,75000,
d_d001124,9,교통비,1,항공기,4,1018194800,(주)티웨이항공,2022/09/06 0:00,1,214000,비행기표
a_a000220,1,주유비,0,자가용(승용/승합/트럭 등등),2,,,,,50000,
d_d002087,2,렌탈비,1,렌터카(승용/승합/버스 등등),2,,,2022/09/20 0:00,1,265000,렌트비
d_d007572,9,교통비,0,항공기,4,,,,,458000,비행기표
d_d010667,2,주차비,0,렌터카(승용/승합/버스 등등),2,,,,,10000,
d_d001879,50,교통비,0,버스 + 지하철,1,,,,,9700,
d_d001220,2,주유비,0,렌터카(승용/승합/버스 등등),3,,,,,40000,
d_d009756,9,교통비,0,항공기,2,,,,,425600,
c_c000599,1,통행료,0,자가용(승용/승합/트럭 등등),2,,,,,34600,
d_d009418,50,교통비,0,버스 + 지하철,1,,,,,15600,
d_d004834,2,렌탈비,1,렌터카(승용/승합/버스 등등),2,5668801036,(주)네이처모빌리티,2022/10/13 17:24,1,42200,렌트비
c_c002365,10,교통비,11,배/선박,1,4178146353,태평양해운(주),2022/09/24 13:10,1,4100,승선권
c_c002365,10,교통비,1,배/선박,1,4178146353,태평양해운(주),2022/09/24 16:10,1,8200,승선권
d_d000173,2,주유비,0,렌터카(승용/승합/버스 등등),5,,,,,30000,
d_d010030,2,주차비,0,렌터카(승용/승합/버스 등등),3,,,,,5000,
c_c002415,7,교통비,4,KTX/SRT(고속열차),2,3058631590,주식회사 에스알,2022/09/22 22:22,1,19400,기차표
d_d010389,9,교통비,2,항공기,1,1048117480,아시아나항공㈜,2022/11/03 0:00,1,83400,비행기표
c_c005215,1,주유비,0,자가용(승용/승합/트럭 등등),2,,,,,120000,
d_d009621,9,교통비,3,항공기,2,1218189086,주식회사 진에어,2022/10/17 0:00,1,40400,비행기표
d_d000640,2,주유비,0,렌터카(승용/승합/버스 등등),3,,,,,22000,
d_d003422,4,교통비,0,택시,2,,,,,4800,
d_d005241,2,주유비,0,렌터카(승용/승합/버스 등등),2,,,,,30000,
b_b003295,1,통행료,0,자가용(승용/승합/트럭 등등),2,,,,,39800,
d_d003204,50,교통비,0,버스 + 지하철,1,,,,,7500,
d_d000214,2,렌탈비,0,렌터카(승용/승합/버스 등등),1,,,,,70000,
d_d004444,4,교통비,5,택시,2,1048183559,주식회사 티머니,2022/10/15 19:45,1,14400,택시비
d_d001399,1,주유비,0,자가용(승용/승합/트럭 등등),3,,,,,10000,
d_d002102,1,주유비,0,자가용(승용/승합/트럭 등등),2,,,,,30000,
d_d009727,1,주유비,0,자가용(승용/승합/트럭 등등),1,,,,,30000,
d_d009379,9,교통비,0,항공기,2,,,,,221600,비행기표
d_d010760,1,주유비,14,자가용(승용/승합/트럭 등등),4,,성산LPG충전소,,1,40000,주유비
c_c003248,8,교통비,0,새마을/무궁화열차,3,,,,,45000,기차표
d_d009208,1,주유비,0,자가용(승용/승합/트럭 등등),3,,,,,30000,
d_d007396,50,교통비,0,버스 + 지하철,2,,,,,5000,
d_d003277,1,통행료,0,자가용(승용/승합/트럭 등등),2,,,,,3800,
d_d009800,50,교통비,0,버스 + 지하철,5,,,,,43450,
d_d000072,9,교통비,1,항공기,5,1108114794,(주)대한항공,2022/04/21 11:52,1,994000,비행기표
c_c002074,1,주유비,0,자가용(승용/승합/트럭 등등),3,,,,,20000,
d_d010849,4,교통비,0,택시,1,,,,,43300,
d_d010335,2,주유비,0,렌터카(승용/승합/버스 등등),4,,,,,20000,
d_d004052,4,교통비,0,택시,2,,,,,51600,
d_d002940,1,주유비,0,자가용(승용/승합/트럭 등등),2,,,,,49307,
d_d000364,1,주유비,0,자가용(승용/승합/트럭 등등),3,,,,,31000,
d_d003557,2,주유비,0,렌터카(승용/승합/버스 등등),1,,,,,33430,
d_d001638,9,교통비,1,항공기,3,1218189086,주식회사 진에어,2022/09/11 0:00,1,154900,비행기표
d_d000916,9,교통비,0,항공기,1,,,,,166400,
d_d007632,14,렌탈비,0,자전거,2,,,,,33250,
c_c000385,1,통행료,0,자가용(승용/승합/트럭 등등),2,,,,,33500,
d_d000116,9,교통비,0,항공기,1,,,,,128000,비행기표
d_d004964,1,주차비,16,자가용(승용/승합/트럭 등등),1,,동문공설시장공영주차장,,1,1500,주차비
d_d001278,50,교통비,0,버스 + 지하철,3,,,,,10800,
d_d002192,10,교통비,1,배/선박,1,6168145193,우도해운(주),2022/10/06 9:21,1,10000,(왕복)승/대인;입장료/어른
d_d000825,50,교통비,0,버스 + 지하철,1,,,,,7200,
d_d000160,1,주차비,0,자가용(승용/승합/트럭 등등),4,,,,,3000,
d_d010245,2,렌탈비,0,렌터카(승용/승합/버스 등등),2,,,,,222200,
d_d001727,10,교통비,1,배/선박,2,6168145193,우도해운(주),2022/10/30 11:52,1,20000,승선권/대인;입장료/어른
d_d003932,2,주유비,0,렌터카(승용/승합/버스 등등),2,,,,,20000,
d_d002269,2,렌탈비,0,렌터카(승용/승합/버스 등등),2,,,,,100000,
d_d001800,2,주차비,0,렌터카(승용/승합/버스 등등),4,,,,,10000,
d_d007155,50,교통비,0,버스 + 지하철,1,,,,,20700,
d_d001402,10,교통비,1,배/선박,2,1078204813,한국해운조합,2022/09/21 0:00,1,24600,승선권
d_d002446,10,교통비,1,배/선박,3,1078204813,한국해운조합,2022/10/08 0:00,1,42300,승선권
d_d002406,4,교통비,2,택시,1,6160825758,택시,2022/10/01 9:08,1,5600,택시비
d_d000451,10,교통비,11,배/선박,5,1078204813,한국해운조합,2022/08/21 0:00,1,95000,승선비
c_c001508,1,통행료,0,자가용(승용/승합/트럭 등등),6,,,,,34700,
d_d004914,1,주유비,11,자가용(승용/승합/트럭 등등),2,6160586318,칠십리주유소,2022/10/24 19:41,1,20000,주유비
d_d010557,2,렌탈비,0,렌터카(승용/승합/버스 등등),1,,,,,56000,
d_d006167,10,교통비,1,배/선박,1,6168145193,우도해운(주),2022/10/16 7:05,1,17700,승선권
d_d004874,1,주차비,0,자가용(승용/승합/트럭 등등),3,,,,,2000,
d_d004661,2,렌탈비,2,렌터카(승용/승합/버스 등등),4,7398800561,디아이브이,2022/09/25 19:19,1,144000,셀토스2019-휘발유
d_d002818,4,교통비,1,택시,1,6168108392,(주)안덕택시,2022/10/26 14:44,1,10000,택시비
d_d000214,4,교통비,0,택시,1,,,,,10000,
a_a009577,1,주유비,0,자가용(승용/승합/트럭 등등),1,,,,,25000,
d_d003454,1,주유비,0,자가용(승용/승합/트럭 등등),1,,,,,18000,
a_a002062,1,통행료,0,자가용(승용/승합/트럭 등등),2,,,,,6600,
d_d001482,10,교통비,1,배/선박,2,3798501218,(주)에이치해운,2022/09/30 6:48,3,126800,승선권 2인
d_d002785,50,교통비,0,버스 + 지하철,1,,,,,5000,
d_d002325,9,교통비,0,항공기,8,,,,,1050300,비행기표
d_d002562,50,교통비,0,버스 + 지하철,1,,,,,3150,
b_b001584,1,통행료,0,자가용(승용/승합/트럭 등등),2,,,,,19800,
d_d006714,50,교통비,0,버스 + 지하철,1,,,,,2700,
d_d005495,1,주유비,0,자가용(승용/승합/트럭 등등),2,,,,,30000,
d_d009342,2,렌탈비,13,렌터카(승용/승합/버스 등등),1,,패밀리렌트카,,1,49720,렌트비
d_d000820,2,렌탈비,11,렌터카(승용/승합/버스 등등),3,,파리바게뜨 제주국제공항 렌트카하우스점,,1,42000,렌트비
d_d005514,1,주유비,0,자가용(승용/승합/트럭 등등),1,,,,,40000,
d_d002029,2,주유비,0,렌터카(승용/승합/버스 등등),2,,,,,50000,
d_d002311,2,렌탈비,0,렌터카(승용/승합/버스 등등),4,,,,,220000,
d_d000669,2,주차비,0,렌터카(승용/승합/버스 등등),4,,,,,8500,
b_b008495,50,교통비,0,버스 + 지하철,2,,,,,35000,
d_d003047,1,주유비,13,자가용(승용/승합/트럭 등등),2,6168520322,삼화석유(주)천마주유,2022/10/07 12:15,1,30000,주유비
d_d009380,4,교통비,2,택시,2,6160617119,개인택시,2022/10/30 14:02,1,6300,택시비
d_d001893,3,주차비,0,캠핑카(자차 및 렌탈),2,,,,,2000,
d_d003889,1,주유비,0,자가용(승용/승합/트럭 등등),4,,,,,20000,
d_d005029,2,주유비,1,렌터카(승용/승합/버스 등등),3,4080730667,효천주유소,2022/10/18 12:02,1,50000,주유비
d_d002450,9,교통비,0,항공기,2,,,,,510000,비행기표
d_d006139,50,교통비,0,버스 + 지하철,1,,,,,12550,
d_d006743,2,렌탈비,1,렌터카(승용/승합/버스 등등),3,1138132864,에이제이렌터카㈜,2022/10/22 16:00,1,120000,렌트비
d_d007445,50,교통비,0,버스 + 지하철,1,,,,,12000,
d_d002310,1,주차비,0,자가용(승용/승합/트럭 등등),3,,,,,33200,
d_d000591,4,교통비,0,택시,4,,,,,16700,
d_d002036,9,교통비,1,항공기,2,6168150527,(주)제주항공,2022/10/23 18:40,3,126600,비행기표
d_d011481,2,렌탈비,1,렌터카(승용/승합/버스 등등),2,1508700854,주식회사제주원렌트카,2022/11/04 14:31,1,55100,렌트비
d_d012301,1,주유비,0,자가용(승용/승합/트럭 등등),2,,,,,30000,
d_d009788,4,교통비,3,택시,2,,,2022/10/31 16:00,1,29720,택시비
d_d001511,9,교통비,0,항공기,1,,,,,92800,비행기표
d_d012285,50,교통비,0,버스 + 지하철,1,,,,,6600,
d_d000430,7,교통비,1,KTX/SRT(고속열차),1,3148210024,한국철도공사,2022/08/22 18:38,3,23700,기차표 
d_d004726,1,주차비,0,자가용(승용/승합/트럭 등등),1,,,,,9000,
d_d000871,2,주유비,0,렌터카(승용/승합/버스 등등),2,,,,,34000,
d_d009919,2,주차비,0,렌터카(승용/승합/버스 등등),2,,,,,3000,
d_d000770,9,교통비,2,항공기,1,,,2022/08/30 0:00,1,42530,비행기표
d_d000689,2,주유비,0,렌터카(승용/승합/버스 등등),4,,,,,59000,
d_d004367,50,교통비,0,버스 + 지하철,1,,,,,13800,
d_d004458,2,주차비,0,렌터카(승용/승합/버스 등등),2,,,,,8000,
d_d000669,9,교통비,0,항공기,4,,,,,707600,비행기표
d_d001057,2,주유비,0,렌터카(승용/승합/버스 등등),2,,,,,9000,
d_d002304,2,렌탈비,1,렌터카(승용/승합/버스 등등),1,7398800561,디아이브이,2022/09/27 13:20,1,73800,(라인렌트카)고급자차;(라인렌트카)아반떼CN7 2022+완전자차-휘발유
d_d006659,2,렌탈비,1,렌터카(승용/승합/버스 등등),4,6168164109,주식회사아리랑,2022/10/27 11:41,1,22000,
d_d000143,2,렌탈비,0,렌터카(승용/승합/버스 등등),2,,,,,200100,
d_d000806,10,교통비,1,배/선박,2,6168145193,우도해운(주),2022/09/07 11:52,1,20000,(왕복)승/대인;입장료/어른
d_d003519,1,주유비,11,자가용(승용/승합/트럭 등등),1,6168505471,법환주유소,2022/10/21 17:57,1,20000,주유비
d_d000849,2,주차비,0,렌터카(승용/승합/버스 등등),3,,,,,5000,
d_d001413,1,주차비,0,자가용(승용/승합/트럭 등등),3,,,,,15000,
d_d005291,2,렌탈비,12,렌터카(승용/승합/버스 등등),5,,특별한렌트카,,1,270000,렌트비
d_d002237,2,주차비,0,렌터카(승용/승합/버스 등등),2,,,,,3000,
d_d003791,50,교통비,0,버스 + 지하철,1,,,,,17000,
d_d010348,4,교통비,1,택시,1,,,2022/11/02 10:09,1,14100,택시비
d_d005249,1,주차비,0,자가용(승용/승합/트럭 등등),1,,,,,1000,
d_d006335,1,주유비,0,자가용(승용/승합/트럭 등등),2,,,,,30000,
d_d001657,2,렌탈비,1,렌터카(승용/승합/버스 등등),2,1138132864,에이제이렌터카㈜,2022/08/25 21:08,1,20000,렌트카예약
d_d001554,9,교통비,0,항공기,1,,,,,227860,비행기표
d_d004496,1,주차비,0,자가용(승용/승합/트럭 등등),2,,,,,2500,
a_a000333,1,통행료,0,자가용(승용/승합/트럭 등등),5,,,,,9300,
d_d002757,9,교통비,2,항공기,6,,,2022/10/09 11:40,1,133020,비행기표
d_d000463,9,교통비,1,항공기,2,,,2022/06/05 0:00,1,116000,비행기표
d_d001904,2,주유비,0,렌터카(승용/승합/버스 등등),4,,,,,80000,
d_d001877,2,렌탈비,2,렌터카(승용/승합/버스 등등),1,,,2022/10/07 10:00,1,104400,렌트비
d_d002478,1,주차비,11,자가용(승용/승합/트럭 등등),4,6618300017,제주민속자연사박물관,2022/10/06 12:55,1,1500,주차비
d_d000482,50,교통비,0,버스 + 지하철,5,,,,,15500,
a_a001537,1,주유비,0,자가용(승용/승합/트럭 등등),4,,,,,110000,
d_d009574,50,교통비,0,버스 + 지하철,1,,,,,1250,
d_d002541,9,교통비,1,항공기,1,8248102515,주식회사인터파크,2022/10/15 14:33,3,1000,비행기표
a_a000757,1,주차비,0,자가용(승용/승합/트럭 등등),4,,,,,4000,
d_d000381,4,교통비,4,택시,2,,,2022/08/26 11:31,1,23600,택시비
d_d000392,9,교통비,1,항공기,1,,,2022/08/23 0:49,1,68000,비행기표
d_d012261,2,렌탈비,0,렌터카(승용/승합/버스 등등),1,,,,,121170,
d_d003166,2,주유비,0,렌터카(승용/승합/버스 등등),2,,,,,25000,
d_d005065,9,교통비,1,항공기,3,1018194800,(주)티웨이항공,2022/06/23 18:32,1,375800,비행기표
b_b001085,1,통행료,0,자가용(승용/승합/트럭 등등),2,,,,,24000,
d_d004945,4,교통비,5,택시,2,6160880896,개인택시,2022/10/20 17:00,1,7200,택시비
d_d004783,10,교통비,1,배/선박,2,6168145193,우도해운(주),2022/10/22 9:03,1,49400,(왕복)승/대인;(왕복)승/대형;입장료/어른;입장료/차량C
a_a004773,1,통행료,0,자가용(승용/승합/트럭 등등),2,,,,,17800,
d_d006689,9,교통비,2,항공기,1,1048117480,아시아나항공㈜,2022/09/19 16:18,1,22700,비행기표
d_d001872,2,렌탈비,0,렌터카(승용/승합/버스 등등),1,,,,,139000,
d_d001147,2,렌탈비,0,렌터카(승용/승합/버스 등등),1,,,,,64400,
d_d001800,2,주유비,0,렌터카(승용/승합/버스 등등),4,,,,,11100,
d_d000049,2,렌탈비,1,렌터카(승용/승합/버스 등등),2,,,2022/08/05 9:00,1,259210,쉐보레 볼트 EV 1세대(단기렌트)
d_d002812,4,교통비,3,택시,1,,,2022/10/04 19:53,1,4200,택시비
d_d003050,2,주유비,0,렌터카(승용/승합/버스 등등),3,,,,,15531,
d_d010622,1,주유비,0,자가용(승용/승합/트럭 등등),2,,,,,100000,
d_d001557,50,교통비,0,버스 + 지하철,3,,,,,44400,
d_d007584,14,렌탈비,0,자전거,1,,,,,1500,
d_d002841,2,주유비,0,렌터카(승용/승합/버스 등등),2,,,,,50000,
a_a008260,1,주유비,0,자가용(승용/승합/트럭 등등),4,,,,,15000,
d_d002478,9,교통비,1,항공기,4,1108114794,(주)대한항공,2022/10/02 19:20,1,422000,비행기표
d_d007401,1,주유비,0,자가용(승용/승합/트럭 등등),1,,,,,20000,
d_d002095,2,주유비,0,렌터카(승용/승합/버스 등등),3,,,,,50000,
a_a001318,1,통행료,0,자가용(승용/승합/트럭 등등),2,,,,,6000,
d_d003306,9,교통비,0,항공기,1,,,,,116500,비행기표
d_d000971,1,주차비,11,자가용(승용/승합/트럭 등등),2,,전등사,2022/09/06 0:00,1,10000,"어른개인;소,중형주차"
d_d007611,2,렌탈비,0,렌터카(승용/승합/버스 등등),2,,,,,189400,
d_d003867,1,통행료,0,자가용(승용/승합/트럭 등등),1,,,,,13000,
d_d010180,4,교통비,0,택시,2,,,,,15000,
a_a004809,1,주유비,0,자가용(승용/승합/트럭 등등),2,,,,,92152,
d_d002590,9,교통비,0,항공기,6,,,,,1244400,비행기표
d_d000396,2,렌탈비,0,렌터카(승용/승합/버스 등등),1,,,,,114360,
d_d003875,2,주유비,0,렌터카(승용/승합/버스 등등),5,,,,,36000,
a_a003519,10,교통비,2,배/선박,1,1378204361,세종해운(주)월미사업부,2022/10/11 12:22,1,3500,
d_d001675,1,주차비,11,자가용(승용/승합/트럭 등등),4,7325400610,주상절리주차장,2022/10/01 15:49,1,2000,주차비
d_d001514,9,교통비,2,항공기,1,,,2022/10/01 10:55,,0,비행기표
d_d000209,2,렌탈비,1,렌터카(승용/승합/버스 등등),2,2208162517,네이버㈜,2022/08/06 0:00,1,193900,[렌탈]제주렌트카 제주도
d_d005065,4,교통비,1,택시,3,,,2022/10/09 11:16,1,14500,택시비
d_d012054,4,교통비,2,택시,2,6161365434,개인택시,2022/11/07 20:56,1,14400,택시비
d_d001691,9,교통비,0,항공기,1,,,,,140000,비행기표
d_d005113,4,교통비,0,택시,4,,,,,300000,
d_d009779,1,주유비,0,자가용(승용/승합/트럭 등등),3,,,,,44000,
d_d002763,10,교통비,0,배/선박,2,,,,,481910,
b_b001981,1,주유비,0,자가용(승용/승합/트럭 등등),2,,,,,174000,
d_d004945,4,교통비,2,택시,2,3173800712,개인택시,2022/10/18 17:55,1,7200,택시비
d_d009265,2,주유비,0,렌터카(승용/승합/버스 등등),2,,,,,40000,
d_d010238,2,주유비,0,렌터카(승용/승합/버스 등등),2,,,,,35000,
d_d010750,2,주유비,0,렌터카(승용/승합/버스 등등),3,,,,,21439,
d_d003045,4,교통비,4,택시,2,6162244260,택시,2022/10/15 13:12,1,8100,택시비
d_d000990,1,주유비,0,자가용(승용/승합/트럭 등등),5,,,,,33000,
d_d000263,50,교통비,0,버스 + 지하철,2,,,,,3000,
c_c002415,7,교통비,1,KTX/SRT(고속열차),2,3058631590,주식회사 에스알,2022/09/22 22:32,1,19400,기차표
d_d001352,4,교통비,1,택시,1,6128100739,한려운수,2022/09/17 10:37,1,6000,택시비
d_d002166,50,교통비,0,버스 + 지하철,1,,,,,1600,
d_d000170,1,주유비,0,자가용(승용/승합/트럭 등등),4,,,,,50000,
d_d007584,9,교통비,1,항공기,1,1048117480,아시아나항공㈜,2022/10/25 17:50,1,41400,비행기표
d_d008184,1,주유비,0,자가용(승용/승합/트럭 등등),4,,,,,30000,
d_d000699,1,주유비,0,자가용(승용/승합/트럭 등등),2,,,,,50000,
d_d000872,1,통행료,0,자가용(승용/승합/트럭 등등),2,,,,,1800,
c_c001984,1,주유비,0,자가용(승용/승합/트럭 등등),4,,,,,40000,
d_d001688,9,교통비,0,항공기,4,,,,,851200,
d_d002025,2,주차비,0,렌터카(승용/승합/버스 등등),2,,,,,8000,
a_a002913,1,통행료,0,자가용(승용/승합/트럭 등등),7,,,,,7200,
d_d004972,1,주유비,0,자가용(승용/승합/트럭 등등),2,,,,,42000,
d_d000554,4,교통비,0,택시,4,,,,,10800,
d_d007452,4,교통비,0,택시,4,,,,,23700,
d_d000150,2,주유비,0,렌터카(승용/승합/버스 등등),1,,,,,57398,
d_d007987,9,교통비,2,항공기,1,6168150527,(주)제주항공,2022/10/14 19:45,1,58400,비행기표
d_d009769,9,교통비,0,항공기,4,,,,,860200,비행기표
d_d000565,4,교통비,2,택시,3,,,2022/08/22 14:05,3,15500,택시비
d_d000020,2,렌탈비,11,렌터카(승용/승합/버스 등등),4,,롯데렌터카 제주 오토하우스,,1,550000,렌트비
d_d002051,4,교통비,0,택시,4,,,,,420000,
d_d008062,2,렌탈비,0,렌터카(승용/승합/버스 등등),2,,,,,95000,
d_d002398,2,주유비,0,렌터카(승용/승합/버스 등등),1,,,,,87321,
d_d010341,9,교통비,0,항공기,2,,,,,77600,비행기표
d_d002713,2,렌탈비,0,렌터카(승용/승합/버스 등등),2,,,,,237800,
d_d006139,9,교통비,0,항공기,1,,,,,106000,비행기표
d_d003287,4,교통비,15,택시,1,1573400693,,2022/10/24 6:36,1,4600,택시비
d_d000784,2,렌탈비,11,렌터카(승용/승합/버스 등등),1,,하나렌트카,,1,51200,렌트비
d_d002717,2,렌탈비,4,렌터카(승용/승합/버스 등등),10,2208155597,(주)케이지이니시스,2022/09/28 9:44,1,153840,렌트비
d_d000095,4,교통비,0,택시,2,,,,,16100,
d_d006737,4,교통비,3,택시,1,,,2022/10/18 16:29,1,6000,택시비
d_d010521,9,교통비,0,항공기,2,,,,,400600,비행기표
d_d005339,14,렌탈비,1,자전거,1,2911501443,쓩쓩렌탈샵,2022/10/18 10:56,1,35000,
d_d006979,50,교통비,0,버스 + 지하철,1,,,,,3300,
d_d004311,9,교통비,2,항공기,2,6058184518,에어부산 주식회사,2022/08/08 0:00,1,166540,비행기표
b_b006272,1,주유비,0,자가용(승용/승합/트럭 등등),1,,,,,150000,
d_d000345,10,교통비,0,배/선박,2,,,,,20000,
d_d001378,2,주유비,0,렌터카(승용/승합/버스 등등),1,,,,,80000,
d_d003628,4,교통비,1,택시,2,6162114100,개인택시,2022/10/10 14:17,1,3900,택시비
b_b000786,9,교통비,0,항공기,2,,,,,425600,
d_d000451,10,교통비,0,배/선박,5,,,,,95000,
d_d003029,2,렌탈비,0,렌터카(승용/승합/버스 등등),1,,,,,103400,
b_b014606,1,주유비,0,자가용(승용/승합/트럭 등등),2,,,,,50000,
d_d002064,4,교통비,1,택시,2,1298638970,(주)이비카드,2022/10/13 17:59,1,7300,택시비
d_d002877,10,교통비,0,배/선박,2,,,,,21000,
d_d011470,9,교통비,0,항공기,1,,,,,149300,비행기표
d_d000468,2,렌탈비,1,렌터카(승용/승합/버스 등등),1,7428600224,(주)위드이노베이션,2022/08/28 12:59,1,76018,렌트비 코나EV(충전비별도발생)
d_d000498,2,주유비,0,렌터카(승용/승합/버스 등등),2,,,,,10000,
d_d004747,10,교통비,11,배/선박,4,6168173777,(주)그린크루즈,2022/10/24 14:02,1,2500,승선권
d_d001455,9,교통비,3,항공기,2,1108114794,(주)대한항공,2022/09/14 0:00,1,104700,비행기표
d_d000122,4,교통비,1,택시,2,,,2022/08/11 10:44,1,4200,택시비
d_d002495,2,주유비,2,렌터카(승용/승합/버스 등등),8,2865100381,엔크린주유소,2022/10/16 17:46,1,76000,주유비
d_d009412,2,주유비,0,렌터카(승용/승합/버스 등등),2,,,,,30000,
d_d004753,4,교통비,0,택시,1,,,,,43480,
a_a005663,1,주유비,0,자가용(승용/승합/트럭 등등),3,,,,,50000,
d_d000219,1,통행료,0,자가용(승용/승합/트럭 등등),2,,,,,2000,
d_d003807,2,렌탈비,2,렌터카(승용/승합/버스 등등),3,,,2022/10/19 17:00,1,248000,렌트비
d_d000669,4,교통비,0,택시,4,,,,,21100,
d_d001232,9,교통비,0,항공기,1,,,,,110000,비행기표
b_b004936,2,렌탈비,0,렌터카(승용/승합/버스 등등),2,,,,,105342,
d_d001707,2,렌탈비,0,렌터카(승용/승합/버스 등등),4,,,,,187600,
d_d001693,9,교통비,3,항공기,4,1108114794,(주)대한항공,2022/10/04 19:50,1,329400,비행기표
d_d002587,1,주차비,11,자가용(승용/승합/트럭 등등),2,1138521083,엔에이치엔한국사이버결제 주식회사,2022/10/06 10:15,1,500,주차비
d_d009107,4,교통비,0,택시,2,,,,,25400,
d_d000887,50,교통비,0,버스 + 지하철,2,,,,,5950,
d_d001961,9,교통비,1,항공기,3,,,2022/09/18 0:00,1,14820,비행기표
d_d007475,9,교통비,0,항공기,1,,,,,219400,비행기표
a_a003210,1,통행료,0,자가용(승용/승합/트럭 등등),2,,,,,5500,
d_d000658,9,교통비,0,항공기,1,,,,,71700,비행기표
d_d003090,2,주유비,0,렌터카(승용/승합/버스 등등),1,,,,,40000,
d_d011813,9,교통비,0,항공기,1,,,,,212800,
d_d001241,4,교통비,0,택시,2,,,,,16710,
d_d010109,2,주유비,2,렌터카(승용/승합/버스 등등),2,6161960784,희진주유소,2022/11/03 17:03,1,50000,주유비
d_d002997,2,주차비,0,렌터카(승용/승합/버스 등등),3,,,,,1000,
d_d000153,2,주유비,0,렌터카(승용/승합/버스 등등),2,,,,,20000,
d_d002852,9,교통비,0,항공기,2,,,,,425600,
d_d001288,1,주유비,0,자가용(승용/승합/트럭 등등),5,,,,,15000,
d_d002994,9,교통비,0,항공기,4,,,,,420000,비행기표
c_c001722,1,주차비,11,자가용(승용/승합/트럭 등등),2,1728600842,주식회사 카카오모빌리티,2022/08/28 14:09,1,900,주차비
d_d000849,9,교통비,0,항공기,3,,,,,240000,비행기표
d_d006672,2,주유비,0,렌터카(승용/승합/버스 등등),4,,,,,40000,
d_d000036,16,교통비,0,기타,2,,,,,8923,
d_d007400,1,주유비,14,자가용(승용/승합/트럭 등등),2,2865100381,엔크린주유소,2022/10/28 9:57,1,50000,주유비
d_d007803,2,렌탈비,1,렌터카(승용/승합/버스 등등),4,1058776000,주식회사캐플릭스,2022/10/06 10:45,1,54720,
d_d008115,1,주유비,0,자가용(승용/승합/트럭 등등),3,,,,,60000,
d_d000022,1,주차비,13,자가용(승용/승합/트럭 등등),1,1098522730,김포공항,2022/08/27 19:48,1,49700,주차비
d_d000097,1,주유비,12,자가용(승용/승합/트럭 등등),5,6160996788,평대주유소,2022/08/27 10:56,1,30000,주유비
d_d002251,1,주유비,11,자가용(승용/승합/트럭 등등),3,3300601052,한동LPG자동차충전소,2022/10/02 11:13,1,35000,주유비 부탄
d_d006952,9,교통비,2,항공기,3,8258100091,에어서울,2022/09/15 0:00,1,281100,비행기표
d_d000912,1,주유비,0,자가용(승용/승합/트럭 등등),1,,,,,60000,
d_d009214,2,주유비,0,렌터카(승용/승합/버스 등등),2,,,,,45000,
d_d000304,2,렌탈비,1,렌터카(승용/승합/버스 등등),3,7398800561,디아이브이,2022/07/31 15:38,1,154300,"(특별한렌트카)2, 중형고급(2);쏘나타 뉴 라이즈 2017+완전자차-LPG"
d_d004321,50,교통비,0,버스 + 지하철,1,,,,,15750,
d_d002930,4,교통비,1,택시,1,,,2022/10/10 11:40,1,15700,택시비
c_c007620,1,주유비,0,자가용(승용/승합/트럭 등등),4,,,,,80000,
c_c001592,1,통행료,0,자가용(승용/승합/트럭 등등),3,,,,,10000,
d_d001182,2,렌탈비,0,렌터카(승용/승합/버스 등등),2,,,,,49300,
d_d000870,16,교통비,0,기타,3,,,,,90000,
d_d006130,10,교통비,0,배/선박,2,,,,,20000,
b_b002840,10,교통비,1,배/선박,2,,,2022/08/20 19:10,1,21840,비건_외항_통영 2매
a_a009953,2,통행료,0,렌터카(승용/승합/버스 등등),2,,,,,14000,
d_d002122,2,주차비,0,렌터카(승용/승합/버스 등등),2,,,,,7500,
d_d000463,4,교통비,1,택시,2,,,2022/08/25 0:00,1,7200,택시비
d_d002067,50,교통비,0,버스 + 지하철,1,,,,,3600,
d_d002399,9,교통비,1,항공기,2,1018194800,(주)티웨이항공,2022/10/09 14:45,1,221200,비행기표
c_c005490,1,통행료,0,자가용(승용/승합/트럭 등등),3,,,,,14700,
d_d000002,1,주차비,0,자가용(승용/승합/트럭 등등),3,,,,,20000,
d_d003735,1,주유비,0,자가용(승용/승합/트럭 등등),2,,,,,10000,
d_d001606,14,렌탈비,1,자전거,1,,,2022/10/02 8:47,1,13000,우도전기자전거전기차스쿠
d_d000709,50,교통비,0,버스 + 지하철,2,,,,,15000,
d_d000757,2,렌탈비,0,렌터카(승용/승합/버스 등등),3,,,,,122000,
d_d000172,10,교통비,3,배/선박,2,,,2022/08/15 0:00,3,82800,승선권
c_c001010,10,교통비,2,배/선박,1,1078204813,한국해운조합,2022/08/31 0:00,1,8700,
d_d001347,2,렌탈비,0,렌터카(승용/승합/버스 등등),3,,,,,154800,
d_d009794,4,교통비,0,택시,1,,,,,18600,
d_d004454,50,교통비,0,버스 + 지하철,1,,,,,16000,
d_d004609,1,주유비,0,자가용(승용/승합/트럭 등등),2,,,,,30000,
d_d002098,9,교통비,2,항공기,2,1018194800,(주)티웨이항공,2022/09/19 21:38,1,101000,비행기표
d_d001406,2,렌탈비,0,렌터카(승용/승합/버스 등등),2,,,,,107700,
d_d000128,1,주유비,0,자가용(승용/승합/트럭 등등),4,,,,,50000,
d_d001272,4,교통비,4,택시,4,6168102743,남원운수(주),2022/09/14 0:47,1,3960,택시비
d_d006903,1,주유비,0,자가용(승용/승합/트럭 등등),4,,,,,40000,
d_d000729,1,주차비,0,자가용(승용/승합/트럭 등등),4,,,,,20000,
c_c004244,1,주유비,0,자가용(승용/승합/트럭 등등),2,,,,,82000,
d_d000049,10,교통비,0,배/선박,2,,,,,20000,
d_d000209,9,교통비,0,항공기,2,,,,,663438,비행기표
b_b004383,1,통행료,0,자가용(승용/승합/트럭 등등),2,,,,,4900,
d_d002489,1,주유비,0,자가용(승용/승합/트럭 등등),4,,,,,40000,
d_d000333,9,교통비,0,항공기,3,,,,,400000,비행기표
a_a005794,50,교통비,0,버스 + 지하철,1,,,,,9000,
d_d002120,50,교통비,0,버스 + 지하철,1,,,,,5700,
d_d005178,1,주유비,0,자가용(승용/승합/트럭 등등),4,,,,,50000,
d_d004115,9,교통비,0,항공기,1,,,,,100200,비행기표
a_a007289,9,교통비,1,항공기,1,,,,,106400,
d_d001560,9,교통비,1,항공기,6,1108114794,(주)대한항공,2022/04/24 20:01,1,756300,비행기표
d_d001545,2,주유비,0,렌터카(승용/승합/버스 등등),6,,,,,65000,
d_d001431,4,교통비,0,택시,2,,,,,21700,
d_d002357,9,교통비,1,항공기,2,1018194800,(주)티웨이항공,,1,220000,비행기표
d_d002228,2,렌탈비,1,렌터카(승용/승합/버스 등등),3,,,2022/09/02 0:00,1,281700,렌트비
d_d001057,9,교통비,0,항공기,2,,,,,332800,
d_d004506,1,주유비,0,자가용(승용/승합/트럭 등등),2,,,,,50000,
d_d005892,9,교통비,1,항공기,4,1018194800,(주)티웨이항공,2022/06/23 12:15,1,201920,비행기표
d_d004333,10,교통비,1,배/선박,1,6168145193,우도해운(주),2022/10/09 10:25,1,9000,(왕복)승/대인
d_d002386,1,통행료,0,자가용(승용/승합/트럭 등등),4,,,,,10100,
d_d007764,50,교통비,0,버스 + 지하철,3,,,,,11700,
d_d010178,2,주차비,0,렌터카(승용/승합/버스 등등),2,,,,,500,
d_d010207,9,교통비,0,항공기,3,,,,,391300,비행기표
d_d001558,1,주유비,0,자가용(승용/승합/트럭 등등),2,,,,,50000,
d_d000116,50,교통비,0,버스 + 지하철,1,,,,,24500,
a_a001510,50,교통비,0,버스 + 지하철,1,,,,,1400,
d_d002147,50,교통비,0,버스 + 지하철,1,,,,,24000,
d_d000983,2,주유비,0,렌터카(승용/승합/버스 등등),2,,,,,40000,
d_d007770,50,교통비,0,버스 + 지하철,3,,,,,3750,
d_d005303,1,주유비,0,자가용(승용/승합/트럭 등등),2,,,,,20000,
d_d001638,2,렌탈비,0,렌터카(승용/승합/버스 등등),2,,,,,168000,
d_d007569,1,주유비,0,자가용(승용/승합/트럭 등등),1,,,,,50000,
d_d011394,1,주유비,0,자가용(승용/승합/트럭 등등),3,,,,,20000,
a_a002802,1,통행료,0,자가용(승용/승합/트럭 등등),2,,,,,900,
d_d009467,4,교통비,0,택시,2,,,,,4800,
d_d001158,1,주유비,0,자가용(승용/승합/트럭 등등),4,,,,,50000,
d_d007486,9,교통비,0,항공기,3,,,,,577400,비행기표
d_d000265,2,주차비,0,렌터카(승용/승합/버스 등등),2,,,,,2000,
d_d001423,2,주차비,0,렌터카(승용/승합/버스 등등),2,,,,,2000,
d_d007155,4,교통비,1,택시,1,,,2022/11/05 18:22,1,14100,택시비
d_d012261,50,교통비,0,버스 + 지하철,1,,,,,3300,
d_d007793,50,교통비,0,버스 + 지하철,2,,,,,3450,
d_d012322,1,주유비,0,자가용(승용/승합/트럭 등등),2,,,,,30000,
d_d004084,2,주유비,0,렌터카(승용/승합/버스 등등),2,,,,,33000,
d_d001599,2,렌탈비,0,렌터카(승용/승합/버스 등등),1,,,,,51000,
d_d001682,2,주유비,0,렌터카(승용/승합/버스 등등),4,,,,,50000,
d_d000658,4,교통비,0,택시,2,,,,,18000,
d_d001209,4,교통비,1,택시,1,5022116212,개인택시,2022/09/24 14:28,1,5700,택시비
d_d000330,9,교통비,0,항공기,4,,,,,514000,비행기표
d_d007967,50,교통비,0,버스 + 지하철,1,,,,,39000,
d_d004890,2,주차비,0,렌터카(승용/승합/버스 등등),2,,,,,10500,
d_d000429,2,렌탈비,12,렌터카(승용/승합/버스 등등),2,,빌리카,,1,325000,렌트비
a_a000541,1,주차비,0,자가용(승용/승합/트럭 등등),4,,,,,2000,
d_d002228,9,교통비,4,항공기,3,6058184518,에어부산 주식회사,2022/08/30 20:27,1,284700,비행기표
b_b002847,1,주차비,12,자가용(승용/승합/트럭 등등),2,6212268639,용궁사주차장,2022/09/01 11:41,1,2000,주차비
d_d000724,50,교통비,0,버스 + 지하철,4,,,,,6000,
d_d002109,9,교통비,1,항공기,1,1058776000,주식회사캐플릭스,2022/09/26 1:13,1,57680,비행기표
d_d000437,2,주유비,0,렌터카(승용/승합/버스 등등),2,,,,,63000,
d_d004157,2,주차비,0,렌터카(승용/승합/버스 등등),2,,,,,9000,
d_d001087,50,교통비,0,버스 + 지하철,4,,,,,12400,
d_d000334,1,주차비,0,자가용(승용/승합/트럭 등등),4,,,,,35000,
c_c001002,1,주차비,0,자가용(승용/승합/트럭 등등),2,,,,,1600,
d_d002782,9,교통비,0,항공기,2,,,,,301400,비행기표
d_d007825,4,교통비,2,택시,2,6161688331,개인택시,2022/10/27 15:19,1,5400,택시비
d_d006729,9,교통비,0,항공기,4,,,,,569200,비행기표
d_d001367,9,교통비,2,항공기,1,,,2022/09/10 10:35,3,75600,비행기표
d_d008965,50,교통비,0,버스 + 지하철,2,,,,,2500,
d_d000319,1,주유비,0,자가용(승용/승합/트럭 등등),3,,,,,50000,
d_d000770,9,교통비,1,항공기,1,,,2022/08/27 17:35,1,71320,비행기표
d_d006764,1,주유비,11,자가용(승용/승합/트럭 등등),1,6161066863,염돈주유소,2022/10/22 12:25,1,50000,주유비
d_d006278,4,교통비,0,택시,2,,,,,72400,
d_d001435,1,주유비,0,자가용(승용/승합/트럭 등등),2,,,,,95000,
d_d001406,9,교통비,0,항공기,2,,,,,198000,비행기표
d_d000297,2,렌탈비,2,렌터카(승용/승합/버스 등등),2,6168190529,주식회사 쏘카,2022/08/25 12:47,1,4670,
d_d001447,50,교통비,0,버스 + 지하철,1,,,,,2500,
d_d006305,1,주유비,0,자가용(승용/승합/트럭 등등),1,,,,,3000,
d_d004780,2,렌탈비,0,렌터카(승용/승합/버스 등등),2,,,,,91500,
d_d002318,9,교통비,1,항공기,2,8258100091,에어서울,2022/10/02 0:00,1,258800,비행기표
d_d005076,50,교통비,0,버스 + 지하철,1,,,,,3600,
d_d004830,4,교통비,0,택시,1,,,,,55690,
c_c003062,10,교통비,1,배/선박,8,2765900041,힐링파크쑥섬쑥섬,2022/10/02 8:34,1,64000,
d_d006867,9,교통비,2,항공기,1,8258100091,에어서울,2022/10/22 13:00,1,75600,비행기표
a_a000606,1,통행료,0,자가용(승용/승합/트럭 등등),2,,,,,12000,
d_d010527,2,주유비,0,렌터카(승용/승합/버스 등등),5,,,,,40000,
d_d000352,4,교통비,0,택시,1,,,,,12700,
d_d005426,2,렌탈비,0,렌터카(승용/승합/버스 등등),1,,,,,850000,
a_a007875,50,교통비,0,버스 + 지하철,1,,,,,12650,
d_d001934,2,렌탈비,0,렌터카(승용/승합/버스 등등),1,,,,,182100,
d_d000771,7,교통비,0,KTX/SRT(고속열차),1,,,,,53600,기차표
d_d009241,9,교통비,0,항공기,4,,,,,810800,비행기표
d_d001728,1,통행료,0,자가용(승용/승합/트럭 등등),3,,,,,39000,
d_d002709,50,교통비,0,버스 + 지하철,1,,,,,2500,
d_d007987,4,교통비,1,택시,1,,,2022/10/31 16:50,1,5200,택시비
d_d001581,4,교통비,0,택시,1,,,,,260000,
a_a001302,4,교통비,0,택시,1,,,,,13225,
d_d001276,4,교통비,0,택시,1,,,,,5200,
a_a004731,1,통행료,0,자가용(승용/승합/트럭 등등),3,,,,,10700,
d_d009165,14,렌탈비,1,자전거,4,6160656830,우도산호레저,2022/10/29 14:01,1,60000,
d_d000630,9,교통비,0,항공기,2,,,,,432330,비행기표
d_d006014,1,주유비,0,자가용(승용/승합/트럭 등등),2,,,,,50000,
d_d004503,4,교통비,0,택시,1,,,,,6400,
d_d001549,2,렌탈비,0,렌터카(승용/승합/버스 등등),4,,,,,147000,
d_d002729,8,교통비,0,새마을/무궁화열차,1,,,,,7800,기차표
a_a009577,1,통행료,0,자가용(승용/승합/트럭 등등),1,,,,,13200,
d_d002562,9,교통비,1,항공기,1,1048117480,아시아나항공㈜,2022/10/25 0:00,1,62400,비행기표
d_d004124,2,렌탈비,11,렌터카(승용/승합/버스 등등),3,,,2022/10/09 0:00,1,154590,렌트비
c_c003035,1,통행료,0,자가용(승용/승합/트럭 등등),4,,,,,20000,
d_d002085,4,교통비,5,택시,2,6168102398,주영택시(주),2022/10/02 10:32,1,14000,택시비
d_d000615,9,교통비,0,항공기,1,,,,,144600,비행기표
d_d001396,4,교통비,0,택시,2,,,,,40100,
d_d002085,50,교통비,0,버스 + 지하철,2,,,,,15600,
d_d004144,2,렌탈비,0,렌터카(승용/승합/버스 등등),2,,,,,38000,
d_d000103,1,주유비,0,자가용(승용/승합/트럭 등등),3,,,,,102000,
d_d009647,10,교통비,12,배/선박,5,1078204813,한국해운조합,2022/10/30 0:00,1,51600,승선권
c_c012404,50,교통비,0,버스 + 지하철,1,,,,,2000,
d_d011454,1,주유비,12,자가용(승용/승합/트럭 등등),1,6223700484,수산주유소,2022/11/05 17:09,1,43000,주유비
d_d002771,2,렌탈비,0,렌터카(승용/승합/버스 등등),2,,,,,80000,
d_d001918,50,교통비,0,버스 + 지하철,1,,,,,2000,
d_d001647,4,교통비,1,택시,1,,,2022/09/27 11:53,1,7800,택시비
d_d009818,9,교통비,2,항공기,2,2318600568,주식회사씨트립코리아,2022/11/02 6:40,1,119460,비행기표
d_d001776,1,주유비,0,자가용(승용/승합/트럭 등등),4,,,,,50000,
d_d011538,1,주차비,11,자가용(승용/승합/트럭 등등),1,6168300278,제주시청,2022/11/02 19:36,1,1000,주차비
d_d001818,2,주차비,3,렌터카(승용/승합/버스 등등),7,6168304217,성산리사무소,2022/10/14 16:16,1,8000,주차비
a_a001929,1,주유비,0,자가용(승용/승합/트럭 등등),2,,,,,70000,
d_d009380,9,교통비,0,항공기,2,,,,,517700,비행기표
d_d010750,10,교통비,1,배/선박,3,6168156045,(주)아름다운섬나라,2022/11/05 13:50,1,18000,승선권
d_d001740,2,렌탈비,0,렌터카(승용/승합/버스 등등),2,,,,,280000,
d_d001454,2,렌탈비,0,렌터카(승용/승합/버스 등등),2,,,,,97000,
c_c002788,2,통행료,0,렌터카(승용/승합/버스 등등),7,,,,,50000,
b_b002204,12,교통비,1,시외/고속버스,2,6048100077,고려여객자동차(주),2022/07/20 15:44,1,91000,버스비
d_d002869,2,주유비,0,렌터카(승용/승합/버스 등등),2,,,,,25000,
d_d003096,9,교통비,1,항공기,1,6168150527,(주)제주항공,2022/10/02 19:01,1,146800,비행기표
d_d001147,50,교통비,0,버스 + 지하철,1,,,,,2900,
d_d006237,1,주유비,0,자가용(승용/승합/트럭 등등),4,,,,,30000,
b_b002960,1,주유비,0,자가용(승용/승합/트럭 등등),4,,,,,120000,
a_a002098,1,주유비,0,자가용(승용/승합/트럭 등등),2,,,,,16390,
c_c002634,2,주유비,0,렌터카(승용/승합/버스 등등),5,,,,,100000,
d_d003090,50,교통비,0,버스 + 지하철,1,,,,,24300,
d_d002757,2,렌탈비,1,렌터카(승용/승합/버스 등등),6,,,2022/10/07 15:30,1,106480,렌트비
c_c001762,11,교통비,0,관광버스,1,,,,,100000,
c_c003292,1,통행료,0,자가용(승용/승합/트럭 등등),3,,,,,30000,
d_d005523,1,주유비,0,자가용(승용/승합/트럭 등등),1,,,,,1000,
d_d001549,1,주유비,0,자가용(승용/승합/트럭 등등),4,,,,,15000,
d_d000181,9,교통비,3,항공기,14,,,,,0,비행기표
a_a002220,2,주유비,0,렌터카(승용/승합/버스 등등),2,,,,,30000,
d_d000012,14,렌탈비,1,자전거,1,4284100797,천진낭만,2022/08/21 9:32,1,20000,
d_d001643,9,교통비,1,항공기,2,1018194800,(주)티웨이항공,2022/09/27 0:00,1,183200,비행기표
d_d006737,4,교통비,1,택시,1,,,2022/10/17 18:33,1,29260,택시비
d_d000122,4,교통비,2,택시,2,,,2022/08/14 13:56,1,4600,택시비
d_d001305,9,교통비,2,항공기,2,6058184518,에어부산 주식회사,2022/08/16 0:00,1,109600,비행기표
d_d011429,50,교통비,0,버스 + 지하철,1,,,,,2300,
d_d001470,4,교통비,0,택시,1,,,,,5000,
d_d004315,2,주차비,0,렌터카(승용/승합/버스 등등),4,,,,,2000,
d_d000182,2,주유비,0,렌터카(승용/승합/버스 등등),4,,,,,87800,
d_d005340,2,주유비,0,렌터카(승용/승합/버스 등등),2,,,,,39720,
a_a003724,1,통행료,11,자가용(승용/승합/트럭 등등),3,2298113691,신공항하이웨이 주식회사,2022/10/01 15:00,1,6600,통행료
d_d010347,9,교통비,2,항공기,1,6058184518,에어부산 주식회사,2022/10/23 5:57,1,80500,비행기표 
d_d003281,2,주유비,0,렌터카(승용/승합/버스 등등),1,,,,,40000,
d_d006657,2,주유비,0,렌터카(승용/승합/버스 등등),2,,,,,35000,
d_d002478,2,주차비,0,렌터카(승용/승합/버스 등등),4,,,,,1500,
d_d004005,1,주유비,0,자가용(승용/승합/트럭 등등),3,,,,,50000,
d_d007544,9,교통비,2,항공기,1,1108114794,(주)대한항공,2022/10/22 11:32,1,64400,비행기표
d_d002256,2,렌탈비,0,렌터카(승용/승합/버스 등등),6,,,,,500000,
d_d010362,9,교통비,0,항공기,1,,,,,138000,비행기표
d_d010056,2,주유비,0,렌터카(승용/승합/버스 등등),2,,,,,30000,
d_d009319,9,교통비,0,항공기,2,,,,,600000,비행기표
d_d003856,2,렌탈비,0,렌터카(승용/승합/버스 등등),2,,,,,56700,
d_d009054,1,주차비,11,자가용(승용/승합/트럭 등등),3,6168300278,제주시청,2022/10/30 19:54,1,2500,주차비
d_d001196,1,주유비,0,자가용(승용/승합/트럭 등등),3,,,,,70000,
d_d005204,9,교통비,2,항공기,1,8258100091,에어서울,2022/10/10 12:19,1,40300,비행기표
d_d000014,1,주유비,0,자가용(승용/승합/트럭 등등),5,,,,,5000,
d_d004370,2,주차비,0,렌터카(승용/승합/버스 등등),1,,,,,2000,
c_c003909,1,주유비,0,자가용(승용/승합/트럭 등등),6,,,,,70000,
a_a008714,1,통행료,0,자가용(승용/승합/트럭 등등),2,,,,,18600,
a_a003521,1,통행료,0,자가용(승용/승합/트럭 등등),2,,,,,5000,
d_d003456,2,주유비,0,렌터카(승용/승합/버스 등등),2,,,,,55000,
d_d010414,2,렌탈비,1,렌터카(승용/승합/버스 등등),2,,,2022/10/30 0:00,1,82700,렌트비
d_d001432,2,렌탈비,5,렌터카(승용/승합/버스 등등),2,2068689586,해피네트웍스,2022/08/08 21:30,1,441800,2022 캐스퍼(126H)
d_d007803,2,주유비,0,렌터카(승용/승합/버스 등등),4,,,,,43000,
d_d006321,2,렌탈비,0,렌터카(승용/승합/버스 등등),3,,,,,15800,
d_d002122,9,교통비,12,항공기,2,6168150527,(주)제주항공,2022/09/19 0:00,1,105200,비행기표
d_d007500,9,교통비,0,항공기,4,,,,,472960,비행기표
d_d005742,1,주차비,0,자가용(승용/승합/트럭 등등),1,,,,,2500,
d_d000370,9,교통비,2,항공기,1,,,2022/09/04 19:20,1,77700,비행기표
d_d005999,4,교통비,2,택시,4,,,2022/10/17 22:00,1,5800,택시비
d_d012342,10,교통비,1,배/선박,2,6168156045,(주)아름다운섬나라,2022/11/10 0:00,1,28500,승선권
d_d001624,50,교통비,0,버스 + 지하철,10,,,,,119000,
d_d001504,50,교통비,0,버스 + 지하철,1,,,,,2400,
d_d009464,50,교통비,0,버스 + 지하철,2,,,,,13200,
a_a001803,1,통행료,0,자가용(승용/승합/트럭 등등),2,,,,,6600,
d_d010108,9,교통비,0,항공기,2,,,,,212600,비행기표
d_d001522,1,주유비,0,자가용(승용/승합/트럭 등등),6,,,,,10000,
d_d011429,1,주차비,0,자가용(승용/승합/트럭 등등),1,,,,,14000,
d_d000404,1,주유비,0,자가용(승용/승합/트럭 등등),4,,,,,30000,
d_d000547,1,통행료,0,자가용(승용/승합/트럭 등등),1,,,,,5900,
d_d001015,2,주유비,0,렌터카(승용/승합/버스 등등),5,,,,,45000,
d_d012426,2,주차비,0,렌터카(승용/승합/버스 등등),1,,,,,500,
d_d002810,9,교통비,0,항공기,1,,,,,179000,비행기표
d_d000721,1,통행료,0,자가용(승용/승합/트럭 등등),2,,,,,6000,
d_d002317,2,주유비,0,렌터카(승용/승합/버스 등등),2,,,,,70000,
d_d000755,2,주유비,0,렌터카(승용/승합/버스 등등),13,,,,,100000,
d_d006278,50,교통비,0,버스 + 지하철,2,,,,,23000,
d_d007893,1,주차비,0,자가용(승용/승합/트럭 등등),1,,,,,15000,
d_d001066,9,교통비,0,항공기,4,,,,,525200,비행기표
d_d011698,2,렌탈비,0,렌터카(승용/승합/버스 등등),6,,,,,286700,
c_c001751,10,교통비,2,배/선박,2,1078204813,한국해운조합,2022/09/02 9:09,1,8200,승선권
d_d006322,9,교통비,2,항공기,2,6168150527,(주)제주항공,2022/09/28 13:02,1,100200,비행기표
d_d009295,50,교통비,0,버스 + 지하철,2,,,,,10000,
a_a000333,1,주유비,0,자가용(승용/승합/트럭 등등),5,,,,,80000,
d_d002818,4,교통비,2,택시,1,6168101900,대림교통(주),2022/10/26 20:09,1,6700,택시비
d_d001967,1,주유비,11,자가용(승용/승합/트럭 등등),2,6162604849,모슬포행운주유소,2022/10/09 17:33,1,50000,주유비
d_d000583,4,교통비,0,택시,2,,,,,19800,
d_d003630,1,주차비,0,자가용(승용/승합/트럭 등등),1,,,,,4000,
d_d004872,2,주차비,0,렌터카(승용/승합/버스 등등),2,,,,,300,
d_d008982,10,교통비,0,배/선박,2,,,,,22000,
d_d001435,50,교통비,0,버스 + 지하철,1,,,,,8200,
d_d001932,2,주유비,0,렌터카(승용/승합/버스 등등),1,,,,,10000,
d_d002026,2,주차비,0,렌터카(승용/승합/버스 등등),2,,,,,5800,
b_b000271,1,주차비,0,자가용(승용/승합/트럭 등등),2,,,,,8000,
a_a002133,1,주유비,0,자가용(승용/승합/트럭 등등),1,,,,,30000,
d_d004964,2,렌탈비,0,렌터카(승용/승합/버스 등등),4,,,,,277520,
d_d007052,1,주유비,0,자가용(승용/승합/트럭 등등),1,,,,,20000,
d_d001558,2,주유비,0,렌터카(승용/승합/버스 등등),2,,,,,47392,
d_d009822,4,교통비,1,택시,1,6161806589,개인택시,2022/11/05 13:36,1,5000,택시비
d_d001037,4,교통비,2,택시,2,5060952426,택시,2022/09/01 17:58,1,9000,택시비
b_b002795,7,교통비,0,KTX/SRT(고속열차),1,,,,,19200,기차표 어른1매
d_d009683,9,교통비,0,항공기,7,,,,,1628700,비행기표
d_d002298,2,렌탈비,1,렌터카(승용/승합/버스 등등),5,,,,1,222000,렌트비
d_d005997,2,주유비,0,렌터카(승용/승합/버스 등등),4,,,,,58329,
d_d001877,9,교통비,2,항공기,1,1108114794,(주)대한항공,2022/10/04 13:35,1,48700,비행기표
d_d006136,1,주차비,0,자가용(승용/승합/트럭 등등),4,,,,,88000,
b_b006607,1,주유비,0,자가용(승용/승합/트럭 등등),1,,,,,50000,
d_d010436,1,주차비,13,자가용(승용/승합/트럭 등등),2,2081561153,외돌개7코스주차장,2022/11/03 12:15,1,2000,주차비
d_d001592,2,렌탈비,11,렌터카(승용/승합/버스 등등),2,,제주 알프스렌트카,,1,170500,렌트비
d_d009941,1,주유비,11,자가용(승용/승합/트럭 등등),2,4118211265,무안농협클린주유소,2022/10/31 12:41,1,39000,주유비
a_a001362,1,주유비,0,자가용(승용/승합/트럭 등등),2,,,,,50000,
d_d000887,2,렌탈비,0,렌터카(승용/승합/버스 등등),2,,,,,162000,
c_c000516,1,주유비,0,자가용(승용/승합/트럭 등등),2,,,,,33900,
d_d009574,9,교통비,0,항공기,2,,,,,312800,
d_d001994,1,통행료,0,자가용(승용/승합/트럭 등등),4,,,,,10800,
d_d004375,9,교통비,1,항공기,1,6168150527,(주)제주항공,2022/09/27 23:54,1,60600,비행기표
d_d011264,1,주유비,0,자가용(승용/승합/트럭 등등),2,,,,,20000,
d_d009192,4,교통비,1,택시,2,6168100901,현대자동차운수(주),2022/10/28 14:15,1,6200,택시비
d_d009315,9,교통비,0,항공기,5,,,,,742500,비행기표
d_d002122,1,주차비,15,자가용(승용/승합/트럭 등등),2,6058546962,아마노코리아주식회사제주지사,2022/10/16 16:16,1,1000,주차비
d_d002196,9,교통비,4,항공기,3,1218189086,주식회사 진에어,,1,338100,비행기표
c_c002687,1,통행료,0,자가용(승용/승합/트럭 등등),2,,,,,12400,
d_d002176,9,교통비,1,항공기,1,1028139440,하나투어,2022/10/11 15:40,1,108700,비행기표
d_d000769,2,주유비,0,렌터카(승용/승합/버스 등등),2,,,,,70000,
d_d000296,1,주차비,0,자가용(승용/승합/트럭 등등),4,,,,,20000,
d_d000689,1,주차비,11,자가용(승용/승합/트럭 등등),4,,제주민속자연사박물관,2022/08/22 13:03,1,2000,주차비
d_d009041,1,통행료,0,자가용(승용/승합/트럭 등등),2,,,,,3400,
d_d001434,1,주차비,11,자가용(승용/승합/트럭 등등),2,,중앙공영주차빌딩,2022/09/15 20:17,1,1000,주차비
d_d006136,2,렌탈비,1,렌터카(승용/승합/버스 등등),4,1138132864,에이제이렌터카㈜,2022/08/19 0:18,1,248100,렌트비
d_d003357,1,주유비,0,자가용(승용/승합/트럭 등등),1,,,,,30000,
d_d009193,1,주유비,0,자가용(승용/승합/트럭 등등),3,,,,,40000,
d_d002328,9,교통비,0,항공기,10,,,,,1120000,비행기표
c_c002438,7,교통비,2,KTX/SRT(고속열차),3,3148210024,한국철도공사,2022/09/28 9:43,1,95200,기차표 
d_d001470,1,주차비,14,자가용(승용/승합/트럭 등등),1,6168300278,제주시청,2022/09/21 17:08,1,700,주차비
d_d001994,2,렌탈비,0,렌터카(승용/승합/버스 등등),4,,,,,414000,
d_d001554,10,교통비,2,배/선박,2,6168145193,우도해운(주),2022/09/23 9:16,1,9000,승선권/대인
d_d002213,50,교통비,0,버스 + 지하철,2,,,,,20000,
d_d009389,50,교통비,0,버스 + 지하철,2,,,,,13000,
d_d000494,10,교통비,0,배/선박,4,,,,,114000,
d_d000212,50,교통비,0,버스 + 지하철,2,,,,,24000,
d_d002758,9,교통비,2,항공기,3,6058184518,에어부산 주식회사,2022/10/26 0:00,1,126300,비행기표
d_d006393,9,교통비,1,항공기,2,8258100091,에어서울,2022/09/30 0:00,1,69200,비행기표
d_d000157,50,교통비,0,버스 + 지하철,1,,,,,1250,
d_d006855,2,렌탈비,1,렌터카(승용/승합/버스 등등),2,7398800561,디아이브이,2022/10/10 22:17,1,104000,렌트비
d_d009090,2,주유비,0,렌터카(승용/승합/버스 등등),2,,,,,40000,
a_a000354,2,렌탈비,1,렌터카(승용/승합/버스 등등),2,,,2022/09/03 12:00,1,110020,렌트비
d_d004458,9,교통비,0,항공기,2,,,,,267800,비행기표
d_d007907,50,교통비,0,버스 + 지하철,1,,,,,8550,
d_d004953,2,렌탈비,3,렌터카(승용/승합/버스 등등),4,6168139880,(주)제주타요렌터카,2022/10/12 13:20,1,20000,
d_d001181,2,주유비,0,렌터카(승용/승합/버스 등등),4,,,,,40000,
d_d002208,9,교통비,0,항공기,4,,,,,917700,비행기표
b_b002702,1,통행료,0,자가용(승용/승합/트럭 등등),2,,,,,11200,
d_d012236,9,교통비,4,항공기,2,6058184518,에어부산 주식회사,2022/10/22 0:00,1,114500,비행기표
d_d002779,9,교통비,0,항공기,1,,,,,227900,비행기표
d_d004241,4,교통비,0,택시,4,,,,,15000,
d_d002678,9,교통비,1,항공기,1,1048117480,아시아나항공㈜,2022/10/11 18:34,1,61400,비행기표
c_c001762,50,교통비,0,버스 + 지하철,1,,,,,78000,
d_d002349,2,주차비,0,렌터카(승용/승합/버스 등등),3,,,,,0,
a_a009953,1,주유비,11,자가용(승용/승합/트럭 등등),2,1248564888,KH에너지(주)직영오산주유소(과천방향),2022/10/26 19:27,1,60000,주유비
d_d003576,2,주유비,0,렌터카(승용/승합/버스 등등),2,,,,,19532,
